target,prediction
<2796 west golden willow drive>PPPPPPPPPPPPPPPPPPPPPPPPPPPPPPPPP,<189 steth werere re roure>
<9734719887>PPPPPPPPPPPPPPPPPPPPPPPPPPPPPPPPPPPPPPPPPPPPPPPPPP,</aranere-199>
<4977236992>PPPPPPPPPPPPPPPPPPPPPPPPPPPPPPPPPPPPPPPPPPPPPPPPPP,<989-111-6662>
<reallyloud.co.uk/simaii>PPPPPPPPPPPPPPPPPPPPPPPPPPPPPPPPPPPPPPP,<delen rereron>
<kkaicd1.pixnet.net>PPPPPPPPPPPPPPPPPPPPPPPPPPPPPPPPPPPPPPPPPPPP,</arisalallange>
<8260 john r bowdoin>PPPPPPPPPPPPPPPPPPPPPPPPPPPPPPPPPPPPPPPPPPP,<886 were h rerere>
<56 paper birch drive>PPPPPPPPPPPPPPPPPPPPPPPPPPPPPPPPPPPPPPPPPP,<506-201-6101>
<gandchudaihardcor.html>PPPPPPPPPPPPPPPPPPPPPPPPPPPPPPPPPPPPPP,<3099 harth hangerth ro>
<2708 west 77th>PPPPPPPPPPPPPPPPPPPPPPPPPPPPPPPPPPPPPPPPPPPPPPPP,<701-961-111>
<https://www.keainfo.gr>PPPPPPPPPPPPPPPPPPPPPPPPPPPPPPPPPPPPPPPP,<https:/www.com/>
<288 fuller lake>PPPPPPPPPPPPPPPPPPPPPPPPPPPPPPPPPPPPPPPPPPPPPPP,<288-919-8111>
<mser/okiguide>PPPPPPPPPPPPPPPPPPPPPPPPPPPPPPPPPPPPPPPPPPPPPPPP,<anin rindell>
<220 north 47th avenue east>PPPPPPPPPPPPPPPPPPPPPPPPPPPPPPPPPPPP,<322 han hanthan>
<www.sudinfo.be>PPPPPPPPPPPPPPPPPPPPPPPPPPPPPPPPPPPPPPPPPPPPPPPP,<www.norerer>
<69 grant point>PPPPPPPPPPPPPPPPPPPPPPPPPPPPPPPPPPPPPPPPPPPPPPPP,<639 sore h rin>
<fibrain.pl/chapter145/thanghr>PPPPPPPPPPPPPPPPPPPPPPPPPPPPPPPP,<909-211-1112>
<+3515218895>PPPPPPPPPPPPPPPPPPPPPPPPPPPPPPPPPPPPPPPPPPPPPPPPP,<+33-333-79-9>
<viapierogobetti/brandilove>PPPPPPPPPPPPPPPPPPPPPPPPPPPPPPPPP,<333 silin corinin>
<amir le>PPPPPPPPPPPPPPPPPPPPPPPPPPPPPPPPPPPPPPPPPPPPPPPPPPPPPPP,<anen s rere>
<automantenimientosa>PPPPPPPPPPPPPPPPPPPPPPPPPPPPPPPPPPPPPPPPPP,<manesenen man>
<6499 nfd 5053>PPPPPPPPPPPPPPPPPPPPPPPPPPPPPPPPPPPPPPPPPPPPPPPPP,<649-979-8773>
<7870 preston place>PPPPPPPPPPPPPPPPPPPPPPPPPPPPPPPPPPPPPPPPPPPP,<191-911-1811>
<6870 scabisuit lane>PPPPPPPPPPPPPPPPPPPPPPPPPPPPPPPPPPPPPPPPPPP,<686 saian st rialala>
<sunshine mayer>PPPPPPPPPPPPPPPPPPPPPPPPPPPPPPPPPPPPPPPPPPPPPPPP,<anth sthanenen>
<4082494707>PPPPPPPPPPPPPPPPPPPPPPPPPPPPPPPPPPPPPPPPPPPPPPPPPP,<438-576-6300>
<arabradio.us/vana>PPPPPPPPPPPPPPPPPPPPPPPPPPPPPPPPPPPPPPPPPPPPP,<ananestestestest>
<televisoresponse>PPPPPPPPPPPPPPPPPPPPPPPPPPPPPPPPPPPPPPPPPPPPPP,<180 merere re rad>
<www.voices.com/bitesize>PPPPPPPPPPPPPPPPPPPPPPPPPPPPPPPPPPPPPPP,<www.berere.com/>
<qd.razavi.ac.ir/bunya>PPPPPPPPPPPPPPPPPPPPPPPPPPPPPPPPPPPPPPPPP,</rerananeraneranen>
<+246987508002294>PPPPPPPPPPPPPPPPPPPPPPPPPPPPPPPPPPPPPPPPP,<+64-508-059-2-9-2439>
<+2666480514>PPPPPPPPPPPPPPPPPPPPPPPPPPPPPPPPPPPPPPPPPPPPPPPP,<+22-068-0680>
<2257645994>PPPPPPPPPPPPPPPPPPPPPPPPPPPPPPPPPPPPPPPPPPPPPPPPPP,<235-449-4949>
<35816 webwood>PPPPPPPPPPPPPPPPPPPPPPPPPPPPPPPPPPPPPPPPPPPPPPPPP,<380-006-0000>
<liana deleon>PPPPPPPPPPPPPPPPPPPPPPPPPPPPPPPPPPPPPPPPPPPPPPPPPP,<alan sananan>
</p21sistemas/sharps_carbines>PPPPPPPPPPPPPPPPPPPPPPPPPPPPPPPPP,<http:///www.com/parererere>
<www.boehringeringelheim.com>PPPPPPPPPPPPPPPPPPPPPPPPPPPPPPPPPP,<www.maringhanghanerom>
<2901092582>PPPPPPPPPPPPPPPPPPPPPPPPPPPPPPPPPPPPPPPPPPPPPPPPPP,<390-911-1422>
<102 flagstad>PPPPPPPPPPPPPPPPPPPPPPPPPPPPPPPPPPPPPPPPPPPPPPPPPP,<109 stan fan>
</verkstader/20180101>PPPPPPPPPPPPPPPPPPPPPPPPPPPPPPPPPPPPPPPP,<33 ren danere rond>
<myanmarsocialonlinemedia.com>PPPPPPPPPPPPPPPPPPPPPPPPPPPPPPPPPP,<anerele conest>
<bunkerbranch.tumblr.com>PPPPPPPPPPPPPPPPPPPPPPPPPPPPPPPPPPPPPPP,<9022 nonth rth roron>
<+8286698863353>PPPPPPPPPPPPPPPPPPPPPPPPPPPPPPPPPPPPPPPPPPPP,<+81-41-4-42-2-2-2332>
<9464 east woods edge way>PPPPPPPPPPPPPPPPPPPPPPPPPPPPPPPPPPPPPP,</harananthanerte>
<4632526021>PPPPPPPPPPPPPPPPPPPPPPPPPPPPPPPPPPPPPPPPPPPPPPPPPP,<462-223-2612>
<martin+blando/>PPPPPPPPPPPPPPPPPPPPPPPPPPPPPPPPPPPPPPPPPPPPPPPP,<alen stererong>
<beloshveyka.ru/105>PPPPPPPPPPPPPPPPPPPPPPPPPPPPPPPPPPPPPPPPPPP,<belanan-thandertend>
<bid.auctionbymayo.com/71063>PPPPPPPPPPPPPPPPPPPPPPPPPPPPPPPPPPP,<eresterico.com/>
<7384391127>PPPPPPPPPPPPPPPPPPPPPPPPPPPPPPPPPPPPPPPPPPPPPPPPPP,<335-951-3511>
<www.twitchquotes.com/>PPPPPPPPPPPPPPPPPPPPPPPPPPPPPPPPPPPPPPPPP,<www.stast.com/>
<5016 east paquin street>PPPPPPPPPPPPPPPPPPPPPPPPPPPPPPPPPPPPPPP,<506 sanan st ranest>
<2292979260>PPPPPPPPPPPPPPPPPPPPPPPPPPPPPPPPPPPPPPPPPPPPPPPPPP,<235-434-4666>
<9186054830>PPPPPPPPPPPPPPPPPPPPPPPPPPPPPPPPPPPPPPPPPPPPPPPPPP,<918-811-8211>
<brandee tran>PPPPPPPPPPPPPPPPPPPPPPPPPPPPPPPPPPPPPPPPPPPPPPPPPP,<bere rerth re>
<5061 williamsburg drive east>PPPPPPPPPPPPPPPPPPPPPPPPPPPPPPPPPP,<corden rarane>
<certuspro.com/bloqueosjalapa>PPPPPPPPPPPPPPPPPPPPPPPPPPPPPPPPP,<comesestestestestest>
<www.tudecora.com>PPPPPPPPPPPPPPPPPPPPPPPPPPPPPPPPPPPPPPPPPPPPPP,<www.comererestenene>
<+279053128>PPPPPPPPPPPPPPPPPPPPPPPPPPPPPPPPPPPPPPPPPPPPPPPPPP,<+33-939-931-51-8-1>
<rachael salas>PPPPPPPPPPPPPPPPPPPPPPPPPPPPPPPPPPPPPPPPPPPPPPPPP,<http:///www.comanerere>
<9525366907>PPPPPPPPPPPPPPPPPPPPPPPPPPPPPPPPPPPPPPPPPPPPPPPPPP,<922-666-6900>
<963 crested owl>PPPPPPPPPPPPPPPPPPPPPPPPPPPPPPPPPPPPPPPPPPPPPPP,<993 rore west road>
<2886 will teasley>PPPPPPPPPPPPPPPPPPPPPPPPPPPPPPPPPPPPPPPPPPPPP,<2848 callan la>
<josie savage>PPPPPPPPPPPPPPPPPPPPPPPPPPPPPPPPPPPPPPPPPPPPPPPPPP,<800 sthanth herth p>
<4127407457>PPPPPPPPPPPPPPPPPPPPPPPPPPPPPPPPPPPPPPPPPPPPPPPPPP,<444-271-7747>
<www.tornadoshop.cz/cornelius>PPPPPPPPPPPPPPPPPPPPPPPPPPPPPPPPPP,<www.northang.com/>
<2796 west golden willow drive>PPPPPPPPPPPPPPPPPPPPPPPPPPPPPPPPP,<1779 westh willll wive>
<9734719887>PPPPPPPPPPPPPPPPPPPPPPPPPPPPPPPPPPPPPPPPPPPPPPPPPP,<+68-21-41-299>
<4977236992>PPPPPPPPPPPPPPPPPPPPPPPPPPPPPPPPPPPPPPPPPPPPPPPPPP,<949-732-7325>
<reallyloud.co.uk/simaii>PPPPPPPPPPPPPPPPPPPPPPPPPPPPPPPPPPPPPPP,<raldow dowaiomai>
<kkaicd1.pixnet.net>PPPPPPPPPPPPPPPPPPPPPPPPPPPPPPPPPPPPPPPPPPPP,<paraill partestesteste>
<8260 john r bowdoin>PPPPPPPPPPPPPPPPPPPPPPPPPPPPPPPPPPPPPPPPPPP,<826 miohar hard>
<56 paper birch drive>PPPPPPPPPPPPPPPPPPPPPPPPPPPPPPPPPPPPPPPPPP,<56 stre rod droad>
<gandchudaihardcor.html>PPPPPPPPPPPPPPPPPPPPPPPPPPPPPPPPPPPPPP,<310 sherth rilar ch>
<2708 west 77th>PPPPPPPPPPPPPPPPPPPPPPPPPPPPPPPPPPPPPPPPPPPPPPPP,<786 westh>
<https://www.keainfo.gr>PPPPPPPPPPPPPPPPPPPPPPPPPPPPPPPPPPPPPPPP,<https://ww.aiffffffrfo.ch>
<288 fuller lake>PPPPPPPPPPPPPPPPPPPPPPPPPPPPPPPPPPPPPPPPPPPPPPP,<288-991-3131>
<mser/okiguide>PPPPPPPPPPPPPPPPPPPPPPPPPPPPPPPPPPPPPPPPPPPPPPPP,<serit paghile>
<220 north 47th avenue east>PPPPPPPPPPPPPPPPPPPPPPPPPPPPPPPPPPPP,<2200 north h hay radroas>
<www.sudinfo.be>PPPPPPPPPPPPPPPPPPPPPPPPPPPPPPPPPPPPPPPPPPPPPPPP,<www.rinfff.f.com>
<69 grant point>PPPPPPPPPPPPPPPPPPPPPPPPPPPPPPPPPPPPPPPPPPPPPPPP,<699 ra mile>
<fibrain.pl/chapter145/thanghr>PPPPPPPPPPPPPPPPPPPPPPPPPPPPPPPP,<fraiand 1810 101 1>
<+3515218895>PPPPPPPPPPPPPPPPPPPPPPPPPPPPPPPPPPPPPPPPPPPPPPPPP,<+355-555-311-11-89>
<viapierogobetti/brandilove>PPPPPPPPPPPPPPPPPPPPPPPPPPPPPPPPP,<27 pairest pee rive rourd>
<amir le>PPPPPPPPPPPPPPPPPPPPPPPPPPPPPPPPPPPPPPPPPPPPPPPPPPPPPPP,<amir rale>
<automantenimientosa>PPPPPPPPPPPPPPPPPPPPPPPPPPPPPPPPPPPPPPPPPP,<mertenienifo.com>
<6499 nfd 5053>PPPPPPPPPPPPPPPPPPPPPPPPPPPPPPPPPPPPPPPPPPPPPPPPP,<649-959-5053>
<7870 preston place>PPPPPPPPPPPPPPPPPPPPPPPPPPPPPPPPPPPPPPPPPPPP,<920 perth plach plach>
<6870 scabisuit lane>PPPPPPPPPPPPPPPPPPPPPPPPPPPPPPPPPPPPPPPPPPP,<6670 sariarit s llad>
<sunshine mayer>PPPPPPPPPPPPPPPPPPPPPPPPPPPPPPPPPPPPPPPPPPPPPPPP,<sunashan maier>
<4082494707>PPPPPPPPPPPPPPPPPPPPPPPPPPPPPPPPPPPPPPPPPPPPPPPPPP,<438-837-4100>
<arabradio.us/vana>PPPPPPPPPPPPPPPPPPPPPPPPPPPPPPPPPPPPPPPPPPPPP,<aradie basersera>
<televisoresponse>PPPPPPPPPPPPPPPPPPPPPPPPPPPPPPPPPPPPPPPPPPPPPP,<150 ffffr rara>
<www.voices.com/bitesize>PPPPPPPPPPPPPPPPPPPPPPPPPPPPPPPPPPPPPPP,<www.220.com/blesssi>
<qd.razavi.ac.ir/bunya>PPPPPPPPPPPPPPPPPPPPPPPPPPPPPPPPPPPPPPPPP,<corartasas/schururiva>
<+246987508002294>PPPPPPPPPPPPPPPPPPPPPPPPPPPPPPPPPPPPPPPPP,<+24-98-55-5094>
<+2666480514>PPPPPPPPPPPPPPPPPPPPPPPPPPPPPPPPPPPPPPPPPPPPPPPP,<224-064-5150>
<2257645994>PPPPPPPPPPPPPPPPPPPPPPPPPPPPPPPPPPPPPPPPPPPPPPPPPP,<225-555-7649>
<35816 webwood>PPPPPPPPPPPPPPPPPPPPPPPPPPPPPPPPPPPPPPPPPPPPPPPPP,<381 co chol>
<liana deleon>PPPPPPPPPPPPPPPPPPPPPPPPPPPPPPPPPPPPPPPPPPPPPPPPPP,<alan radastos>
</p21sistemas/sharps_carbines>PPPPPPPPPPPPPPPPPPPPPPPPPPPPPPPPP,<111 steach stoarive>
<www.boehringeringelheim.com>PPPPPPPPPPPPPPPPPPPPPPPPPPPPPPPPPP,<www.coringringhe.com>
<2901092582>PPPPPPPPPPPPPPPPPPPPPPPPPPPPPPPPPPPPPPPPPPPPPPPPPP,<290-101-5822>
<102 flagstad>PPPPPPPPPPPPPPPPPPPPPPPPPPPPPPPPPPPPPPPPPPPPPPPPPP,<1029 gagela>
</verkstader/20180101>PPPPPPPPPPPPPPPPPPPPPPPPPPPPPPPPPPPPPPPP,<22 urtast 20801>
<myanmarsocialonlinemedia.com>PPPPPPPPPPPPPPPPPPPPPPPPPPPPPPPPPP,<mananellersore com>
<bunkerbranch.tumblr.com>PPPPPPPPPPPPPPPPPPPPPPPPPPPPPPPPPPPPPPP,<bundban brantran.com>
<+8286698863353>PPPPPPPPPPPPPPPPPPPPPPPPPPPPPPPPPPPPPPPPPPPP,<+82-869-69-23-33533>
<9464 east woods edge way>PPPPPPPPPPPPPPPPPPPPPPPPPPPPPPPPPPPPPP,<3616 wasth sthas roulad>
<4632526021>PPPPPPPPPPPPPPPPPPPPPPPPPPPPPPPPPPPPPPPPPPPPPPPPPP,<463-253-6021>
<martin+blando/>PPPPPPPPPPPPPPPPPPPPPPPPPPPPPPPPPPPPPPPPPPPPPPPP,<andele leron d>
<beloshveyka.ru/105>PPPPPPPPPPPPPPPPPPPPPPPPPPPPPPPPPPPPPPPPPPP,<belotat viriratast 100>
<bid.auctionbymayo.com/71063>PPPPPPPPPPPPPPPPPPPPPPPPPPPPPPPPPPP,<esebitba.ba/baricom/1313133>
<7384391127>PPPPPPPPPPPPPPPPPPPPPPPPPPPPPPPPPPPPPPPPPPPPPPPPPP,<735-439-2391>
<www.twitchquotes.com/>PPPPPPPPPPPPPPPPPPPPPPPPPPPPPPPPPPPPPPPPP,<www.ttwile.ches.com/>
<5016 east paquin street>PPPPPPPPPPPPPPPPPPPPPPPPPPPPPPPPPPPPPPP,<516 westh paintrt>
<2292979260>PPPPPPPPPPPPPPPPPPPPPPPPPPPPPPPPPPPPPPPPPPPPPPPPPP,<299-297-2660>
<9186054830>PPPPPPPPPPPPPPPPPPPPPPPPPPPPPPPPPPPPPPPPPPPPPPPPPP,<918-870-4833>
<brandee tran>PPPPPPPPPPPPPPPPPPPPPPPPPPPPPPPPPPPPPPPPPPPPPPPPPP,<brande deran>
<5061 williamsburg drive east>PPPPPPPPPPPPPPPPPPPPPPPPPPPPPPPPPP,<edw.wililimbururueas>
<certuspro.com/bloqueosjalapa>PPPPPPPPPPPPPPPPPPPPPPPPPPPPPPPPP,<coustestore.com/blala>
<www.tudecora.com>PPPPPPPPPPPPPPPPPPPPPPPPPPPPPPPPPPPPPPPPPPPPPP,<2602 pee dee rrararoad>
<+279053128>PPPPPPPPPPPPPPPPPPPPPPPPPPPPPPPPPPPPPPPPPPPPPPPPPP,<+27-900-127-12-288>
<rachael salas>PPPPPPPPPPPPPPPPPPPPPPPPPPPPPPPPPPPPPPPPPPPPPPPPP,<http://hereres>
<9525366907>PPPPPPPPPPPPPPPPPPPPPPPPPPPPPPPPPPPPPPPPPPPPPPPPPP,<952-536-6090>
<963 crested owl>PPPPPPPPPPPPPPPPPPPPPPPPPPPPPPPPPPPPPPPPPPPPPPP,<9963 rest 1000>
<2886 will teasley>PPPPPPPPPPPPPPPPPPPPPPPPPPPPPPPPPPPPPPPPPPPPP,<2866 dastea lll>
<josie savage>PPPPPPPPPPPPPPPPPPPPPPPPPPPPPPPPPPPPPPPPPPPPPPPPPP,<dicos strearg>
<4127407457>PPPPPPPPPPPPPPPPPPPPPPPPPPPPPPPPPPPPPPPPPPPPPPPPPP,<441-010-7774>
<www.tornadoshop.cz/cornelius>PPPPPPPPPPPPPPPPPPPPPPPPPPPPPPPPPP,<www.ondand.co.com/>
<2796 west golden willow drive>PPPPPPPPPPPPPPPPPPPPPPPPPPPPPPPPP,<179 west willew wive>
<9734719887>PPPPPPPPPPPPPPPPPPPPPPPPPPPPPPPPPPPPPPPPPPPPPPPPPP,<+61-86-41-29>
<4977236992>PPPPPPPPPPPPPPPPPPPPPPPPPPPPPPPPPPPPPPPPPPPPPPPPPP,<948-732-7369>
<reallyloud.co.uk/simaii>PPPPPPPPPPPPPPPPPPPPPPPPPPPPPPPPPPPPPPP,<ralilow simmad.com>
<kkaicd1.pixnet.net>PPPPPPPPPPPPPPPPPPPPPPPPPPPPPPPPPPPPPPPPPPPP,<pappait.ppin.stetetetet>
<8260 john r bowdoin>PPPPPPPPPPPPPPPPPPPPPPPPPPPPPPPPPPPPPPPPPPP,<826 mishar har wowowd>
<56 paper birch drive>PPPPPPPPPPPPPPPPPPPPPPPPPPPPPPPPPPPPPPPPPP,<56 pen rorde dre>
<gandchudaihardcor.html>PPPPPPPPPPPPPPPPPPPPPPPPPPPPPPPPPPPPPP,<31 sthelit roul re h>
<2708 west 77th>PPPPPPPPPPPPPPPPPPPPPPPPPPPPPPPPPPPPPPPPPPPPPPPP,<786 west 713>
<https://www.keainfo.gr>PPPPPPPPPPPPPPPPPPPPPPPPPPPPPPPPPPPPPPPP,<https://ww.aifffff.ing>
<288 fuller lake>PPPPPPPPPPPPPPPPPPPPPPPPPPPPPPPPPPPPPPPPPPPPPPP,<288-991-9131>
<mser/okiguide>PPPPPPPPPPPPPPPPPPPPPPPPPPPPPPPPPPPPPPPPPPPPPPPP,<seruit prith grile>
<220 north 47th avenue east>PPPPPPPPPPPPPPPPPPPPPPPPPPPPPPPPPPPP,<2 ontha ban rancas>
<www.sudinfo.be>PPPPPPPPPPPPPPPPPPPPPPPPPPPPPPPPPPPPPPPPPPPPPPPP,<www.stinf.f.com>
<69 grant point>PPPPPPPPPPPPPPPPPPPPPPPPPPPPPPPPPPPPPPPPPPPPPPPP,<69 warad mil>
<fibrain.pl/chapter145/thanghr>PPPPPPPPPPPPPPPPPPPPPPPPPPPPPPPP,<fraian-101510-1416>
<+3515218895>PPPPPPPPPPPPPPPPPPPPPPPPPPPPPPPPPPPPPPPPPPPPPPPPP,<+355-555-359>
<viapierogobetti/brandilove>PPPPPPPPPPPPPPPPPPPPPPPPPPPPPPPPP,<27 pairostie boadive>
<amir le>PPPPPPPPPPPPPPPPPPPPPPPPPPPPPPPPPPPPPPPPPPPPPPPPPPPPPPP,<amire le>
<automantenimientosa>PPPPPPPPPPPPPPPPPPPPPPPPPPPPPPPPPPPPPPPPPP,<marnienamie-s>
<6499 nfd 5053>PPPPPPPPPPPPPPPPPPPPPPPPPPPPPPPPPPPPPPPPPPPPPPPPP,<649-981-5053>
<7870 preston place>PPPPPPPPPPPPPPPPPPPPPPPPPPPPPPPPPPPPPPPPPPPP,<958 pe plan plach rct>
<6870 scabisuit lane>PPPPPPPPPPPPPPPPPPPPPPPPPPPPPPPPPPPPPPPPPPP,<www.ssariarit.com>
<sunshine mayer>PPPPPPPPPPPPPPPPPPPPPPPPPPPPPPPPPPPPPPPPPPPPPPPP,<sunshan main maler>
<4082494707>PPPPPPPPPPPPPPPPPPPPPPPPPPPPPPPPPPPPPPPPPPPPPPPPPP,<489-837-4100>
<arabradio.us/vana>PPPPPPPPPPPPPPPPPPPPPPPPPPPPPPPPPPPPPPPPPPPPP,<arabas diersers/vesanana>
<televisoresponse>PPPPPPPPPPPPPPPPPPPPPPPPPPPPPPPPPPPPPPPPPPPPPP,<150 we ffralda>
<www.voices.com/bitesize>PPPPPPPPPPPPPPPPPPPPPPPPPPPPPPPPPPPPPPP,<www.vale.com/blessssssi>
<qd.razavi.ac.ir/bunya>PPPPPPPPPPPPPPPPPPPPPPPPPPPPPPPPPPPPPPPPP,</lorar-ach-acelira>
<+246987508002294>PPPPPPPPPPPPPPPPPPPPPPPPPPPPPPPPPPPPPPPPP,<+24-98-58-5029-294>
<+2666480514>PPPPPPPPPPPPPPPPPPPPPPPPPPPPPPPPPPPPPPPPPPPPPPPP,<+22-64-80-51514>
<2257645994>PPPPPPPPPPPPPPPPPPPPPPPPPPPPPPPPPPPPPPPPPPPPPPPPPP,<225-576-4941>
<35816 webwood>PPPPPPPPPPPPPPPPPPPPPPPPPPPPPPPPPPPPPPPPPPPPPPPPP,<388 co blobod>
<liana deleon>PPPPPPPPPPPPPPPPPPPPPPPPPPPPPPPPPPPPPPPPPPPPPPPPPP,<alat brerest>
</p21sistemas/sharps_carbines>PPPPPPPPPPPPPPPPPPPPPPPPPPPPPPPPP,<111 stort soaharie>
<www.boehringeringelheim.com>PPPPPPPPPPPPPPPPPPPPPPPPPPPPPPPPPP,<www.ceeringrter.com>
<2901092582>PPPPPPPPPPPPPPPPPPPPPPPPPPPPPPPPPPPPPPPPPPPPPPPPPP,<290-110-5822>
<102 flagstad>PPPPPPPPPPPPPPPPPPPPPPPPPPPPPPPPPPPPPPPPPPPPPPPPPP,<1029 gest lala>
</verkstader/20180101>PPPPPPPPPPPPPPPPPPPPPPPPPPPPPPPPPPPPPPPP,<22 urtaster 208>
<myanmarsocialonlinemedia.com>PPPPPPPPPPPPPPPPPPPPPPPPPPPPPPPPPP,<mananarsocile cile>
<bunkerbranch.tumblr.com>PPPPPPPPPPPPPPPPPPPPPPPPPPPPPPPPPPPPPPP,<bundebubegstr.com/kererer.com>
<+8286698863353>PPPPPPPPPPPPPPPPPPPPPPPPPPPPPPPPPPPPPPPPPPPP,<+82-86-86-869-2353>
<9464 east woods edge way>PPPPPPPPPPPPPPPPPPPPPPPPPPPPPPPPPPPPPP,<3682 west weast read ch>
<4632526021>PPPPPPPPPPPPPPPPPPPPPPPPPPPPPPPPPPPPPPPPPPPPPPPPPP,<463-252-6021>
<martin+blando/>PPPPPPPPPPPPPPPPPPPPPPPPPPPPPPPPPPPPPPPPPPPPPPPP,<amarel deno>
<beloshveyka.ru/105>PPPPPPPPPPPPPPPPPPPPPPPPPPPPPPPPPPPPPPPPPPP,<belotst verikast 105>
<bid.auctionbymayo.com/71063>PPPPPPPPPPPPPPPPPPPPPPPPPPPPPPPPPPP,<esbiteba.bas/bastricom>
<7384391127>PPPPPPPPPPPPPPPPPPPPPPPPPPPPPPPPPPPPPPPPPPPPPPPPPP,<735-439-2518>
<www.twitchquotes.com/>PPPPPPPPPPPPPPPPPPPPPPPPPPPPPPPPPPPPPPPPP,<www.ttwiteri.com/>
<5016 east paquin street>PPPPPPPPPPPPPPPPPPPPPPPPPPPPPPPPPPPPPPP,<516 east pain streeet>
<2292979260>PPPPPPPPPPPPPPPPPPPPPPPPPPPPPPPPPPPPPPPPPPPPPPPPPP,<299-297-5660>
<9186054830>PPPPPPPPPPPPPPPPPPPPPPPPPPPPPPPPPPPPPPPPPPPPPPPPPP,<918-830-0830-48>
<brandee tran>PPPPPPPPPPPPPPPPPPPPPPPPPPPPPPPPPPPPPPPPPPPPPPPPPP,<buande ran>
<5061 williamsburg drive east>PPPPPPPPPPPPPPPPPPPPPPPPPPPPPPPPPP,<cow.willim.m/ururueast>
<certuspro.com/bloqueosjalapa>PPPPPPPPPPPPPPPPPPPPPPPPPPPPPPPPP,<coustes.com/blos.com/4bla>
<www.tudecora.com>PPPPPPPPPPPPPPPPPPPPPPPPPPPPPPPPPPPPPPPPPPPPPP,<www.bareeede ctraracom>
<+279053128>PPPPPPPPPPPPPPPPPPPPPPPPPPPPPPPPPPPPPPPPPPPPPPPPPP,<+27-900-12-28>
<rachael salas>PPPPPPPPPPPPPPPPPPPPPPPPPPPPPPPPPPPPPPPPPPPPPPPPP,<httpsere pertes>
<9525366907>PPPPPPPPPPPPPPPPPPPPPPPPPPPPPPPPPPPPPPPPPPPPPPPPPP,<982-536-6907>
<963 crested owl>PPPPPPPPPPPPPPPPPPPPPPPPPPPPPPPPPPPPPPPPPPPPPPP,<9963 rest 100 wad>
<2886 will teasley>PPPPPPPPPPPPPPPPPPPPPPPPPPPPPPPPPPPPPPPPPPPPP,<2866 teal eal loa>
<josie savage>PPPPPPPPPPPPPPPPPPPPPPPPPPPPPPPPPPPPPPPPPPPPPPPPPP,</omestanestestrg>
<4127407457>PPPPPPPPPPPPPPPPPPPPPPPPPPPPPPPPPPPPPPPPPPPPPPPPPP,<451-691-7744>
<www.tornadoshop.cz/cornelius>PPPPPPPPPPPPPPPPPPPPPPPPPPPPPPPPPP,<www.rndoshadsh.cop/cordives>
<2796 west golden willow drive>PPPPPPPPPPPPPPPPPPPPPPPPPPPPPPPPP,<1795 west wille wive>
<9734719887>PPPPPPPPPPPPPPPPPPPPPPPPPPPPPPPPPPPPPPPPPPPPPPPPPP,<+61-41-51-19>
<4977236992>PPPPPPPPPPPPPPPPPPPPPPPPPPPPPPPPPPPPPPPPPPPPPPPPPP,<948-732-6692>
<reallyloud.co.uk/simaii>PPPPPPPPPPPPPPPPPPPPPPPPPPPPPPPPPPPPPPP,<reallidud.com.com/simasi>
<kkaicd1.pixnet.net>PPPPPPPPPPPPPPPPPPPPPPPPPPPPPPPPPPPPPPPPPPPP,<pappaick.phet.net>
<8260 john r bowdoin>PPPPPPPPPPPPPPPPPPPPPPPPPPPPPPPPPPPPPPPPPPP,<826 oishn rre din>
<56 paper birch drive>PPPPPPPPPPPPPPPPPPPPPPPPPPPPPPPPPPPPPPPPPP,<56 pen helder den>
<gandchudaihardcor.html>PPPPPPPPPPPPPPPPPPPPPPPPPPPPPPPPPPPPPP,<arasheling.com/derenshal>
<2708 west 77th>PPPPPPPPPPPPPPPPPPPPPPPPPPPPPPPPPPPPPPPPPPPPPPPP,<7086 west 71th>
<https://www.keainfo.gr>PPPPPPPPPPPPPPPPPPPPPPPPPPPPPPPPPPPPPPPP,<https://www.ainffo.jp>
<288 fuller lake>PPPPPPPPPPPPPPPPPPPPPPPPPPPPPPPPPPPPPPPPPPPPPPP,<208-869-9101>
<mser/okiguide>PPPPPPPPPPPPPPPPPPPPPPPPPPPPPPPPPPPPPPPPPPPPPPPP,<mssu/pokithide>
<220 north 47th avenue east>PPPPPPPPPPPPPPPPPPPPPPPPPPPPPPPPPPPP,<200 north ancan peas>
<www.sudinfo.be>PPPPPPPPPPPPPPPPPPPPPPPPPPPPPPPPPPPPPPPPPPPPPPPP,<www.sprinf.com>
<69 grant point>PPPPPPPPPPPPPPPPPPPPPPPPPPPPPPPPPPPPPPPPPPPPPPPP,<69 wan mile coil>
<fibrain.pl/chapter145/thanghr>PPPPPPPPPPPPPPPPPPPPPPPPPPPPPPPP,<fobrain.10510.bl/hanorthar>
<+3515218895>PPPPPPPPPPPPPPPPPPPPPPPPPPPPPPPPPPPPPPPPPPPPPPPPP,<+355-355-352-89>
<viapierogobetti/brandilove>PPPPPPPPPPPPPPPPPPPPPPPPPPPPPPPPP,<22 paierstie stie drdive>
<amir le>PPPPPPPPPPPPPPPPPPPPPPPPPPPPPPPPPPPPPPPPPPPPPPPPPPPPPPP,<amire rale>
<automantenimientosa>PPPPPPPPPPPPPPPPPPPPPPPPPPPPPPPPPPPPPPPPPP,<marnimien.comien.sa>
<6499 nfd 5053>PPPPPPPPPPPPPPPPPPPPPPPPPPPPPPPPPPPPPPPPPPPPPPPPP,<649-591-5015>
<7870 preston place>PPPPPPPPPPPPPPPPPPPPPPPPPPPPPPPPPPPPPPPPPPPP,<938 pe plan plach roplac>
<6870 scabisuit lane>PPPPPPPPPPPPPPPPPPPPPPPPPPPPPPPPPPPPPPPPPPP,<6687 sabis sabitontla.lam>
<sunshine mayer>PPPPPPPPPPPPPPPPPPPPPPPPPPPPPPPPPPPPPPPPPPPPPPPP,<sunshin maler>
<4082494707>PPPPPPPPPPPPPPPPPPPPPPPPPPPPPPPPPPPPPPPPPPPPPPPPPP,<+45-82-45-410>
<arabradio.us/vana>PPPPPPPPPPPPPPPPPPPPPPPPPPPPPPPPPPPPPPPPPPPPP,<arabbrasodiosers/vanana>
<televisoresponse>PPPPPPPPPPPPPPPPPPPPPPPPPPPPPPPPPPPPPPPPPPPPPP,<1560 west far rad da>
<www.voices.com/bitesize>PPPPPPPPPPPPPPPPPPPPPPPPPPPPPPPPPPPPPPP,<www.vole.com/besssiti>
<qd.razavi.ac.ir/bunya>PPPPPPPPPPPPPPPPPPPPPPPPPPPPPPPPPPPPPPPPP,</oloras-tace-acira>
<+246987508002294>PPPPPPPPPPPPPPPPPPPPPPPPPPPPPPPPPPPPPPPPP,<+246-98-50-500-294>
<+2666480514>PPPPPPPPPPPPPPPPPPPPPPPPPPPPPPPPPPPPPPPPPPPPPPPP,<+22-64-80-80-514>
<2257645994>PPPPPPPPPPPPPPPPPPPPPPPPPPPPPPPPPPPPPPPPPPPPPPPPPP,<225-576-4941>
<35816 webwood>PPPPPPPPPPPPPPPPPPPPPPPPPPPPPPPPPPPPPPPPPPPPPPPPP,<388 co bold>
<liana deleon>PPPPPPPPPPPPPPPPPPPPPPPPPPPPPPPPPPPPPPPPPPPPPPPPPP,<alalia blarest>
</p21sistemas/sharps_carbines>PPPPPPPPPPPPPPPPPPPPPPPPPPPPPPPPP,</gosis-mahargesp caries>
<www.boehringeringelheim.com>PPPPPPPPPPPPPPPPPPPPPPPPPPPPPPPPPP,<www.boeshringrangele.com>
<2901092582>PPPPPPPPPPPPPPPPPPPPPPPPPPPPPPPPPPPPPPPPPPPPPPPPPP,<290-101-109-582>
<102 flagstad>PPPPPPPPPPPPPPPPPPPPPPPPPPPPPPPPPPPPPPPPPPPPPPPPPP,<1029 gest lal>
</verkstader/20180101>PPPPPPPPPPPPPPPPPPPPPPPPPPPPPPPPPPPPPPPP,<www.strurder/208-01>
<myanmarsocialonlinemedia.com>PPPPPPPPPPPPPPPPPPPPPPPPPPPPPPPPPP,<mansocarsodeillee com>
<bunkerbranch.tumblr.com>PPPPPPPPPPPPPPPPPPPPPPPPPPPPPPPPPPPPPPP,<brndebegstububu.com/kererea>
<+8286698863353>PPPPPPPPPPPPPPPPPPPPPPPPPPPPPPPPPPPPPPPPPPPP,<+82-86-86-869-253>
<9464 east woods edge way>PPPPPPPPPPPPPPPPPPPPPPPPPPPPPPPPPPPPPP,<www.w.w.ww.ssu.com/193>
<4632526021>PPPPPPPPPPPPPPPPPPPPPPPPPPPPPPPPPPPPPPPPPPPPPPPPPP,<463-252-6021>
<martin+blando/>PPPPPPPPPPPPPPPPPPPPPPPPPPPPPPPPPPPPPPPPPPPPPPPP,<amandale pleno>
<beloshveyka.ru/105>PPPPPPPPPPPPPPPPPPPPPPPPPPPPPPPPPPPPPPPPPPP,<belot-shveyka.r/1005>
<bid.auctionbymayo.com/71063>PPPPPPPPPPPPPPPPPPPPPPPPPPPPPPPPPPP,<esbitabeba.com/bastasprio>
<7384391127>PPPPPPPPPPPPPPPPPPPPPPPPPPPPPPPPPPPPPPPPPPPPPPPPPP,<735-439-2529-18>
<www.twitchquotes.com/>PPPPPPPPPPPPPPPPPPPPPPPPPPPPPPPPPPPPPPPPP,<www.twittwi.chortes.com/>
<5016 east paquin street>PPPPPPPPPPPPPPPPPPPPPPPPPPPPPPPPPPPPPPP,<5016 east papan street>
<2292979260>PPPPPPPPPPPPPPPPPPPPPPPPPPPPPPPPPPPPPPPPPPPPPPPPPP,<299-297-2660>
<9186054830>PPPPPPPPPPPPPPPPPPPPPPPPPPPPPPPPPPPPPPPPPPPPPPPPPP,<918-848-0000-208>
<brandee tran>PPPPPPPPPPPPPPPPPPPPPPPPPPPPPPPPPPPPPPPPPPPPPPPPPP,<brande ran>
<5061 williamsburg drive east>PPPPPPPPPPPPPPPPPPPPPPPPPPPPPPPPPP,<cow.willim.m.ru/uruecastast>
<certuspro.com/bloqueosjalapa>PPPPPPPPPPPPPPPPPPPPPPPPPPPPPPPPP,<cortuspore.com/blossta>
<www.tudecora.com>PPPPPPPPPPPPPPPPPPPPPPPPPPPPPPPPPPPPPPPPPPPPPP,<www.ww.ndeeescara.com>
<+279053128>PPPPPPPPPPPPPPPPPPPPPPPPPPPPPPPPPPPPPPPPPPPPPPPPPP,<+27-900-128>
<rachael salas>PPPPPPPPPPPPPPPPPPPPPPPPPPPPPPPPPPPPPPPPPPPPPPPPP,<httpse eartes>
<9525366907>PPPPPPPPPPPPPPPPPPPPPPPPPPPPPPPPPPPPPPPPPPPPPPPPPP,<9852 west 6900>
<963 crested owl>PPPPPPPPPPPPPPPPPPPPPPPPPPPPPPPPPPPPPPPPPPPPPPP,<9963 roste 10t wall>
<2886 will teasley>PPPPPPPPPPPPPPPPPPPPPPPPPPPPPPPPPPPPPPPPPPPPP,<2866 will eas loal road>
<josie savage>PPPPPPPPPPPPPPPPPPPPPPPPPPPPPPPPPPPPPPPPPPPPPPPPPP,</postestanestus>
<4127407457>PPPPPPPPPPPPPPPPPPPPPPPPPPPPPPPPPPPPPPPPPPPPPPPPPP,<451-290-7744>
<www.tornadoshop.cz/cornelius>PPPPPPPPPPPPPPPPPPPPPPPPPPPPPPPPPP,<www.tondsh.com/corndives>
<2796 west golden willow drive>PPPPPPPPPPPPPPPPPPPPPPPPPPPPPPPPP,<1795 west wille wive>
<9734719887>PPPPPPPPPPPPPPPPPPPPPPPPPPPPPPPPPPPPPPPPPPPPPPPPPP,<+36-41-51-59>
<4977236992>PPPPPPPPPPPPPPPPPPPPPPPPPPPPPPPPPPPPPPPPPPPPPPPPPP,<948-731-6692>
<reallyloud.co.uk/simaii>PPPPPPPPPPPPPPPPPPPPPPPPPPPPPPPPPPPPPPP,<realloud.com.com.ru/simasi>
<kkaicd1.pixnet.net>PPPPPPPPPPPPPPPPPPPPPPPPPPPPPPPPPPPPPPPPPPPP,<parabol-picke-stere-stet>
<8260 john r bowdoin>PPPPPPPPPPPPPPPPPPPPPPPPPPPPPPPPPPPPPPPPPPP,<826 oishnr row dein>
<56 paper birch drive>PPPPPPPPPPPPPPPPPPPPPPPPPPPPPPPPPPPPPPPPPP,<56 pen blord dive>
<gandchudaihardcor.html>PPPPPPPPPPPPPPPPPPPPPPPPPPPPPPPPPPPPPP,<31 south roborth road>
<2708 west 77th>PPPPPPPPPPPPPPPPPPPPPPPPPPPPPPPPPPPPPPPPPPPPPPPP,<7086 west 7th>
<https://www.keainfo.gr>PPPPPPPPPPPPPPPPPPPPPPPPPPPPPPPPPPPPPPPP,<https://www.akainfo.h>
<288 fuller lake>PPPPPPPPPPPPPPPPPPPPPPPPPPPPPPPPPPPPPPPPPPPPPPP,<208-889-9210>
<mser/okiguide>PPPPPPPPPPPPPPPPPPPPPPPPPPPPPPPPPPPPPPPPPPPPPPPP,<msser/pokithide>
<220 north 47th avenue east>PPPPPPPPPPPPPPPPPPPPPPPPPPPPPPPPPPPP,<220 north and anch reas>
<www.sudinfo.be>PPPPPPPPPPPPPPPPPPPPPPPPPPPPPPPPPPPPPPPPPPPPPPPP,<www.sukinf.com>
<69 grant point>PPPPPPPPPPPPPPPPPPPPPPPPPPPPPPPPPPPPPPPPPPPPPPPP,<69 car mille>
<fibrain.pl/chapter145/thanghr>PPPPPPPPPPPPPPPPPPPPPPPPPPPPPPPP,<fobrain-10510-1041-41>
<+3515218895>PPPPPPPPPPPPPPPPPPPPPPPPPPPPPPPPPPPPPPPPPPPPPPPPP,<+355-3521-89>
<viapierogobetti/brandilove>PPPPPPPPPPPPPPPPPPPPPPPPPPPPPPPPP,<22 stirosti/berosti/ardianiane>
<amir le>PPPPPPPPPPPPPPPPPPPPPPPPPPPPPPPPPPPPPPPPPPPPPPPPPPPPPPP,<amire le>
<automantenimientosa>PPPPPPPPPPPPPPPPPPPPPPPPPPPPPPPPPPPPPPPPPP,<mordenimient.ogos>
<6499 nfd 5053>PPPPPPPPPPPPPPPPPPPPPPPPPPPPPPPPPPPPPPPPPPPPPPPPP,<649-529-0505>
<7870 preston place>PPPPPPPPPPPPPPPPPPPPPPPPPPPPPPPPPPPPPPPPPPPP,<953 pe peron 105>
<6870 scabisuit lane>PPPPPPPPPPPPPPPPPPPPPPPPPPPPPPPPPPPPPPPPPPP,<6870 sabisuit.larit.lar>
<sunshine mayer>PPPPPPPPPPPPPPPPPPPPPPPPPPPPPPPPPPPPPPPPPPPPPPPP,<suthin maler>
<4082494707>PPPPPPPPPPPPPPPPPPPPPPPPPPPPPPPPPPPPPPPPPPPPPPPPPP,<+45-82-45-450>
<arabradio.us/vana>PPPPPPPPPPPPPPPPPPPPPPPPPPPPPPPPPPPPPPPPPPPPP,<arabrasdiosers/vana>
<televisoresponse>PPPPPPPPPPPPPPPPPPPPPPPPPPPPPPPPPPPPPPPPPPPPPP,<1560 broe far rild dr d>
<www.voices.com/bitesize>PPPPPPPPPPPPPPPPPPPPPPPPPPPPPPPPPPPPPPP,<www.vole.com/bessidesi>
<qd.razavi.ac.ir/bunya>PPPPPPPPPPPPPPPPPPPPPPPPPPPPPPPPPPPPPPPPP,</oldar-v-ace-acira>
<+246987508002294>PPPPPPPPPPPPPPPPPPPPPPPPPPPPPPPPPPPPPPPPP,<+246-98-50-800-294>
<+2666480514>PPPPPPPPPPPPPPPPPPPPPPPPPPPPPPPPPPPPPPPPPPPPPPPP,<+22-64-80-80-514>
<2257645994>PPPPPPPPPPPPPPPPPPPPPPPPPPPPPPPPPPPPPPPPPPPPPPPPPP,<225-647-5941>
<35816 webwood>PPPPPPPPPPPPPPPPPPPPPPPPPPPPPPPPPPPPPPPPPPPPPPPPP,<381 co bold>
<liana deleon>PPPPPPPPPPPPPPPPPPPPPPPPPPPPPPPPPPPPPPPPPPPPPPPPPP,<allia strer sas>
</p21sistemas/sharps_carbines>PPPPPPPPPPPPPPPPPPPPPPPPPPPPPPPPP,</gosis-marge/sharbies>
<www.boehringeringelheim.com>PPPPPPPPPPPPPPPPPPPPPPPPPPPPPPPPPP,<www.boeshringradertingele.com>
<2901092582>PPPPPPPPPPPPPPPPPPPPPPPPPPPPPPPPPPPPPPPPPPPPPPPPPP,<290-110-109-582>
<102 flagstad>PPPPPPPPPPPPPPPPPPPPPPPPPPPPPPPPPPPPPPPPPPPPPPPPPP,<1029 gestral>
</verkstader/20180101>PPPPPPPPPPPPPPPPPPPPPPPPPPPPPPPPPPPPPPPP,</202088-208-010-01>
<myanmarsocialonlinemedia.com>PPPPPPPPPPPPPPPPPPPPPPPPPPPPPPPPPP,<mansocarsodilode colem>
<bunkerbranch.tumblr.com>PPPPPPPPPPPPPPPPPPPPPPPPPPPPPPPPPPPPPPP,<brnderbanch.um/kurus/kerulom>
<+8286698863353>PPPPPPPPPPPPPPPPPPPPPPPPPPPPPPPPPPPPPPPPPPPP,<+82-86-86-869-253>
<9464 east woods edge way>PPPPPPPPPPPPPPPPPPPPPPPPPPPPPPPPPPPPPP,<3682 sow streas coad road>
<4632526021>PPPPPPPPPPPPPPPPPPPPPPPPPPPPPPPPPPPPPPPPPPPPPPPPPP,<463-252-6021>
<martin+blando/>PPPPPPPPPPPPPPPPPPPPPPPPPPPPPPPPPPPPPPPPPPPPPPPP,<amandale rano>
<beloshveyka.ru/105>PPPPPPPPPPPPPPPPPPPPPPPPPPPPPPPPPPPPPPPPPPP,<belot-shveyka.ru/105>
<bid.auctionbymayo.com/71063>PPPPPPPPPPPPPPPPPPPPPPPPPPPPPPPPPPP,<esbital-bariba.com/astardar31>
<7384391127>PPPPPPPPPPPPPPPPPPPPPPPPPPPPPPPPPPPPPPPPPPPPPPPPPP,<738-439-259-25>
<www.twitchquotes.com/>PPPPPPPPPPPPPPPPPPPPPPPPPPPPPPPPPPPPPPPPP,<www.twitchortes.com/>
<5016 east paquin street>PPPPPPPPPPPPPPPPPPPPPPPPPPPPPPPPPPPPPPP,<5016 east paprin street>
<2292979260>PPPPPPPPPPPPPPPPPPPPPPPPPPPPPPPPPPPPPPPPPPPPPPPPPP,<299-297-2526>
<9186054830>PPPPPPPPPPPPPPPPPPPPPPPPPPPPPPPPPPPPPPPPPPPPPPPPPP,<918-185-0008>
<brandee tran>PPPPPPPPPPPPPPPPPPPPPPPPPPPPPPPPPPPPPPPPPPPPPPPPPP,<brande ran>
<5061 williamsburg drive east>PPPPPPPPPPPPPPPPPPPPPPPPPPPPPPPPPP,<5016 willime rurive roast>
<certuspro.com/bloqueosjalapa>PPPPPPPPPPPPPPPPPPPPPPPPPPPPPPPPP,<cousspore.com/blosstia>
<www.tudecora.com>PPPPPPPPPPPPPPPPPPPPPPPPPPPPPPPPPPPPPPPPPPPPPP,<www.w.reeescarade.com>
<+279053128>PPPPPPPPPPPPPPPPPPPPPPPPPPPPPPPPPPPPPPPPPPPPPPPPPP,<+27-900-90-128>
<rachael salas>PPPPPPPPPPPPPPPPPPPPPPPPPPPPPPPPPPPPPPPPPPPPPPPPP,<httpser eans>
<9525366907>PPPPPPPPPPPPPPPPPPPPPPPPPPPPPPPPPPPPPPPPPPPPPPPPPP,<952-536-6907>
<963 crested owl>PPPPPPPPPPPPPPPPPPPPPPPPPPPPPPPPPPPPPPPPPPPPPPP,<9633 rested wall>
<2886 will teasley>PPPPPPPPPPPPPPPPPPPPPPPPPPPPPPPPPPPPPPPPPPPPP,<2866 ill eas lour>
<josie savage>PPPPPPPPPPPPPPPPPPPPPPPPPPPPPPPPPPPPPPPPPPPPPPPPPP,</jostesenestal-s>
<4127407457>PPPPPPPPPPPPPPPPPPPPPPPPPPPPPPPPPPPPPPPPPPPPPPPPPP,<443-690-7744>
<www.tornadoshop.cz/cornelius>PPPPPPPPPPPPPPPPPPPPPPPPPPPPPPPPPP,<www.toradssh.com.com/corkidivs>
<2796 west golden willow drive>PPPPPPPPPPPPPPPPPPPPPPPPPPPPPPPPP,<1795 west golewil dew drive>
<9734719887>PPPPPPPPPPPPPPPPPPPPPPPPPPPPPPPPPPPPPPPPPPPPPPPPPP,<+36-41-51-29>
<4977236992>PPPPPPPPPPPPPPPPPPPPPPPPPPPPPPPPPPPPPPPPPPPPPPPPPP,<948-731-6592>
<reallyloud.co.uk/simaii>PPPPPPPPPPPPPPPPPPPPPPPPPPPPPPPPPPPPPPP,<reallerd.com.com.uk/simasi>
<kkaicd1.pixnet.net>PPPPPPPPPPPPPPPPPPPPPPPPPPPPPPPPPPPPPPPPPPPP,<parabol.pinet.s>
<8260 john r bowdoin>PPPPPPPPPPPPPPPPPPPPPPPPPPPPPPPPPPPPPPPPPPP,<826 oiohn rreew dein>
<56 paper birch drive>PPPPPPPPPPPPPPPPPPPPPPPPPPPPPPPPPPPPPPPPPP,<5 pent blore drive>
<gandchudaihardcor.html>PPPPPPPPPPPPPPPPPPPPPPPPPPPPPPPPPPPPPP,<araten herborst road>
<2708 west 77th>PPPPPPPPPPPPPPPPPPPPPPPPPPPPPPPPPPPPPPPPPPPPPPPP,<7086 west 7th>
<https://www.keainfo.gr>PPPPPPPPPPPPPPPPPPPPPPPPPPPPPPPPPPPPPPPP,<https://www.truainfo.h>
<288 fuller lake>PPPPPPPPPPPPPPPPPPPPPPPPPPPPPPPPPPPPPPPPPPPPPPP,<208-889-9231>
<mser/okiguide>PPPPPPPPPPPPPPPPPPPPPPPPPPPPPPPPPPPPPPPPPPPPPPPP,<msser/pokide>
<220 north 47th avenue east>PPPPPPPPPPPPPPPPPPPPPPPPPPPPPPPPPPPP,<220 north and anes>
<www.sudinfo.be>PPPPPPPPPPPPPPPPPPPPPPPPPPPPPPPPPPPPPPPPPPPPPPPP,<www.sarinf.f.com>
<69 grant point>PPPPPPPPPPPPPPPPPPPPPPPPPPPPPPPPPPPPPPPPPPPPPPPP,<69 carn roila>
<fibrain.pl/chapter145/thanghr>PPPPPPPPPPPPPPPPPPPPPPPPPPPPPPPP,<firbraiz.com.blan.bl/karu>
<+3515218895>PPPPPPPPPPPPPPPPPPPPPPPPPPPPPPPPPPPPPPPPPPPPPPPPP,<+355-352-11-889>
<viapierogobetti/brandilove>PPPPPPPPPPPPPPPPPPPPPPPPPPPPPPPPP,<22 strierstier stic roadre>
<amir le>PPPPPPPPPPPPPPPPPPPPPPPPPPPPPPPPPPPPPPPPPPPPPPPPPPPPPPP,<ameir le>
<automantenimientosa>PPPPPPPPPPPPPPPPPPPPPPPPPPPPPPPPPPPPPPPPPP,<martenimient.ors>
<6499 nfd 5053>PPPPPPPPPPPPPPPPPPPPPPPPPPPPPPPPPPPPPPPPPPPPPPPPP,<649-401-50505>
<7870 preston place>PPPPPPPPPPPPPPPPPPPPPPPPPPPPPPPPPPPPPPPPPPPP,<943 per pearth ll road rc>
<6870 scabisuit lane>PPPPPPPPPPPPPPPPPPPPPPPPPPPPPPPPPPPPPPPPPPP,<6870 sabisuit laritlan>
<sunshine mayer>PPPPPPPPPPPPPPPPPPPPPPPPPPPPPPPPPPPPPPPPPPPPPPPP,<suthinshine maler>
<4082494707>PPPPPPPPPPPPPPPPPPPPPPPPPPPPPPPPPPPPPPPPPPPPPPPPPP,<+48-72-44-450>
<arabradio.us/vana>PPPPPPPPPPPPPPPPPPPPPPPPPPPPPPPPPPPPPPPPPPPPP,<arasdierasers/vana>
<televisoresponse>PPPPPPPPPPPPPPPPPPPPPPPPPPPPPPPPPPPPPPPPPPPPPP,<115 more fare far drild>
<www.voices.com/bitesize>PPPPPPPPPPPPPPPPPPPPPPPPPPPPPPPPPPPPPPP,<www.videle.com/bessidesi>
<qd.razavi.ac.ir/bunya>PPPPPPPPPPPPPPPPPPPPPPPPPPPPPPPPPPPPPPPPP,<goldarar-tace-acars/>
<+246987508002294>PPPPPPPPPPPPPPPPPPPPPPPPPPPPPPPPPPPPPPPPP,<+246-987-50-800-294>
<+2666480514>PPPPPPPPPPPPPPPPPPPPPPPPPPPPPPPPPPPPPPPPPPPPPPPP,<+22-64-80-80-514>
<2257645994>PPPPPPPPPPPPPPPPPPPPPPPPPPPPPPPPPPPPPPPPPPPPPPPPPP,<225-764-7694>
<35816 webwood>PPPPPPPPPPPPPPPPPPPPPPPPPPPPPPPPPPPPPPPPPPPPPPPPP,<381 lowe/>
<liana deleon>PPPPPPPPPPPPPPPPPPPPPPPPPPPPPPPPPPPPPPPPPPPPPPPPPP,<alliana blad san>
</p21sistemas/sharps_carbines>PPPPPPPPPPPPPPPPPPPPPPPPPPPPPPPPP,<1 goste/shargearbies>
<www.boehringeringelheim.com>PPPPPPPPPPPPPPPPPPPPPPPPPPPPPPPPPP,<www.boeshringrater.ingem>
<2901092582>PPPPPPPPPPPPPPPPPPPPPPPPPPPPPPPPPPPPPPPPPPPPPPPPPP,<290-101-109-582>
<102 flagstad>PPPPPPPPPPPPPPPPPPPPPPPPPPPPPPPPPPPPPPPPPPPPPPPPPP,<10289 ggestr>
</verkstader/20180101>PPPPPPPPPPPPPPPPPPPPPPPPPPPPPPPPPPPPPPPP,</verustader/208-0101>
<myanmarsocialonlinemedia.com>PPPPPPPPPPPPPPPPPPPPPPPPPPPPPPPPPP,<mansocarsocarsodileemia.com>
<bunkerbranch.tumblr.com>PPPPPPPPPPPPPPPPPPPPPPPPPPPPPPPPPPPPPPP,<brnderbanch.um/kuncurs.com>
<+8286698863353>PPPPPPPPPPPPPPPPPPPPPPPPPPPPPPPPPPPPPPPPPPPP,<+82-82-86-869-253>
<9464 east woods edge way>PPPPPPPPPPPPPPPPPPPPPPPPPPPPPPPPPPPPPP,<3618 nowest wast rest coast>
<4632526021>PPPPPPPPPPPPPPPPPPPPPPPPPPPPPPPPPPPPPPPPPPPPPPPPPP,<463-252-6021>
<martin+blando/>PPPPPPPPPPPPPPPPPPPPPPPPPPPPPPPPPPPPPPPPPPPPPPPP,<anarteran len>
<beloshveyka.ru/105>PPPPPPPPPPPPPPPPPPPPPPPPPPPPPPPPPPPPPPPPPPP,<belot-shveyka.ru/105>
<bid.auctionbymayo.com/71063>PPPPPPPPPPPPPPPPPPPPPPPPPPPPPPPPPPP,<esbitarbadeba.com/astrico-331>
<7384391127>PPPPPPPPPPPPPPPPPPPPPPPPPPPPPPPPPPPPPPPPPPPPPPPPPP,<735-439-2759-23>
<www.twitchquotes.com/>PPPPPPPPPPPPPPPPPPPPPPPPPPPPPPPPPPPPPPPPP,<www.twitchortes.com/>
<5016 east paquin street>PPPPPPPPPPPPPPPPPPPPPPPPPPPPPPPPPPPPPPP,<501 weast paprin street>
<2292979260>PPPPPPPPPPPPPPPPPPPPPPPPPPPPPPPPPPPPPPPPPPPPPPPPPP,<299-297-2526>
<9186054830>PPPPPPPPPPPPPPPPPPPPPPPPPPPPPPPPPPPPPPPPPPPPPPPPPP,<918-183-0005-005-00>
<brandee tran>PPPPPPPPPPPPPPPPPPPPPPPPPPPPPPPPPPPPPPPPPPPPPPPPPP,<brande rann>
<5061 williamsburg drive east>PPPPPPPPPPPPPPPPPPPPPPPPPPPPPPPPPP,<5016 willimsbur drive east>
<certuspro.com/bloqueosjalapa>PPPPPPPPPPPPPPPPPPPPPPPPPPPPPPPPP,<coursspore.com/blostia>
<www.tudecora.com>PPPPPPPPPPPPPPPPPPPPPPPPPPPPPPPPPPPPPPPPPPPPPP,<www.rustueecte.com>
<+279053128>PPPPPPPPPPPPPPPPPPPPPPPPPPPPPPPPPPPPPPPPPPPPPPPPPP,<+227-900-128>
<rachael salas>PPPPPPPPPPPPPPPPPPPPPPPPPPPPPPPPPPPPPPPPPPPPPPPPP,<httpserery s>
<9525366907>PPPPPPPPPPPPPPPPPPPPPPPPPPPPPPPPPPPPPPPPPPPPPPPPPP,<952-536-6907>
<963 crested owl>PPPPPPPPPPPPPPPPPPPPPPPPPPPPPPPPPPPPPPPPPPPPPPP,<9963 rosted wall>
<2886 will teasley>PPPPPPPPPPPPPPPPPPPPPPPPPPPPPPPPPPPPPPPPPPPPP,<2886 will teas lour>
<josie savage>PPPPPPPPPPPPPPPPPPPPPPPPPPPPPPPPPPPPPPPPPPPPPPPPPP,</josnesenestus-us-fragera>
<4127407457>PPPPPPPPPPPPPPPPPPPPPPPPPPPPPPPPPPPPPPPPPPPPPPPPPP,<443-690-7744>
<www.tornadoshop.cz/cornelius>PPPPPPPPPPPPPPPPPPPPPPPPPPPPPPPPPP,<www.torndsh.cz/cornlives>
<2796 west golden willow drive>PPPPPPPPPPPPPPPPPPPPPPPPPPPPPPPPP,<1795 west willowil dew drive>
<9734719887>PPPPPPPPPPPPPPPPPPPPPPPPPPPPPPPPPPPPPPPPPPPPPPPPPP,<714-814-3919>
<4977236992>PPPPPPPPPPPPPPPPPPPPPPPPPPPPPPPPPPPPPPPPPPPPPPPPPP,<948-735-6592>
<reallyloud.co.uk/simaii>PPPPPPPPPPPPPPPPPPPPPPPPPPPPPPPPPPPPPPP,<realloud.com.u/simasimai>
<kkaicd1.pixnet.net>PPPPPPPPPPPPPPPPPPPPPPPPPPPPPPPPPPPPPPPPPPPP,<paraibol-pine-te-set>
<8260 john r bowdoin>PPPPPPPPPPPPPPPPPPPPPPPPPPPPPPPPPPPPPPPPPPP,<826 oiohn rrow droin>
<56 paper birch drive>PPPPPPPPPPPPPPPPPPPPPPPPPPPPPPPPPPPPPPPPPP,<56 pren hent 8017>
<gandchudaihardcor.html>PPPPPPPPPPPPPPPPPPPPPPPPPPPPPPPPPPPPPP,<arashingarigharbors courth>
<2708 west 77th>PPPPPPPPPPPPPPPPPPPPPPPPPPPPPPPPPPPPPPPPPPPPPPPP,<7086 west 77th>
<https://www.keainfo.gr>PPPPPPPPPPPPPPPPPPPPPPPPPPPPPPPPPPPPPPPP,<https://www.tainfo.h>
<288 fuller lake>PPPPPPPPPPPPPPPPPPPPPPPPPPPPPPPPPPPPPPPPPPPPPPP,<208-889-9201>
<mser/okiguide>PPPPPPPPPPPPPPPPPPPPPPPPPPPPPPPPPPPPPPPPPPPPPPPP,<msser/poki-gride>
<220 north 47th avenue east>PPPPPPPPPPPPPPPPPPPPPPPPPPPPPPPPPPPP,<220 north aind anes>
<www.sudinfo.be>PPPPPPPPPPPPPPPPPPPPPPPPPPPPPPPPPPPPPPPPPPPPPPPP,<www.sarinf.com>
<69 grant point>PPPPPPPPPPPPPPPPPPPPPPPPPPPPPPPPPPPPPPPPPPPPPPPP,<691 carn oila>
<fibrain.pl/chapter145/thanghr>PPPPPPPPPPPPPPPPPPPPPPPPPPPPPPPP,<fibrwain-pert-blanor-blaru>
<+3515218895>PPPPPPPPPPPPPPPPPPPPPPPPPPPPPPPPPPPPPPPPPPPPPPPPP,<+355-352-11-889>
<viapierogobetti/brandilove>PPPPPPPPPPPPPPPPPPPPPPPPPPPPPPPPP,<2 virastiersti/bera-ge-buliane>
<amir le>PPPPPPPPPPPPPPPPPPPPPPPPPPPPPPPPPPPPPPPPPPPPPPPPPPPPPPP,<ameir role>
<automantenimientosa>PPPPPPPPPPPPPPPPPPPPPPPPPPPPPPPPPPPPPPPPPP,<margenimient-os>
<6499 nfd 5053>PPPPPPPPPPPPPPPPPPPPPPPPPPPPPPPPPPPPPPPPPPPPPPPPP,<649-501-50505>
<7870 preston place>PPPPPPPPPPPPPPPPPPPPPPPPPPPPPPPPPPPPPPPPPPPP,<943 spe per plac>
<6870 scabisuit lane>PPPPPPPPPPPPPPPPPPPPPPPPPPPPPPPPPPPPPPPPPPP,<6870 sabis sabitlan>
<sunshine mayer>PPPPPPPPPPPPPPPPPPPPPPPPPPPPPPPPPPPPPPPPPPPPPPPP,<suthinshine maler>
<4082494707>PPPPPPPPPPPPPPPPPPPPPPPPPPPPPPPPPPPPPPPPPPPPPPPPPP,<487-457-4300>
<arabradio.us/vana>PPPPPPPPPPPPPPPPPPPPPPPPPPPPPPPPPPPPPPPPPPPPP,<arasdio.diers/vana>
<televisoresponse>PPPPPPPPPPPPPPPPPPPPPPPPPPPPPPPPPPPPPPPPPPPPPP,<1185 wood farch rilda>
<www.voices.com/bitesize>PPPPPPPPPPPPPPPPPPPPPPPPPPPPPPPPPPPPPPP,<www.voples.com.com/capiti>
<qd.razavi.ac.ir/bunya>PPPPPPPPPPPPPPPPPPPPPPPPPPPPPPPPPPPPPPPPP,<goldark-ve-gacire-s/>
<+246987508002294>PPPPPPPPPPPPPPPPPPPPPPPPPPPPPPPPPPPPPPPPP,<+246-987-50-800-294>
<+2666480514>PPPPPPPPPPPPPPPPPPPPPPPPPPPPPPPPPPPPPPPPPPPPPPPP,<+222-647-80-514>
<2257645994>PPPPPPPPPPPPPPPPPPPPPPPPPPPPPPPPPPPPPPPPPPPPPPPPPP,<+225-764-594>
<35816 webwood>PPPPPPPPPPPPPPPPPPPPPPPPPPPPPPPPPPPPPPPPPPPPPPPPP,<381 co brood>
<liana deleon>PPPPPPPPPPPPPPPPPPPPPPPPPPPPPPPPPPPPPPPPPPPPPPPPPP,<aliana blusad s>
</p21sistemas/sharps_carbines>PPPPPPPPPPPPPPPPPPPPPPPPPPPPPPPPP,</gosiste-marge/sharbimes>
<www.boehringeringelheim.com>PPPPPPPPPPPPPPPPPPPPPPPPPPPPPPPPPP,<www.boeshringratingulheim.com>
<2901092582>PPPPPPPPPPPPPPPPPPPPPPPPPPPPPPPPPPPPPPPPPPPPPPPPPP,<290-110-109-582>
<102 flagstad>PPPPPPPPPPPPPPPPPPPPPPPPPPPPPPPPPPPPPPPPPPPPPPPPPP,<10289 ggestra lar>
</verkstader/20180101>PPPPPPPPPPPPPPPPPPPPPPPPPPPPPPPPPPPPPPPP,</verustader/208-010-01>
<myanmarsocialonlinemedia.com>PPPPPPPPPPPPPPPPPPPPPPPPPPPPPPPPPP,<manansocillogemiallogem>
<bunkerbranch.tumblr.com>PPPPPPPPPPPPPPPPPPPPPPPPPPPPPPPPPPPPPPP,<brandebranch.aum/rustum>
<+8286698863353>PPPPPPPPPPPPPPPPPPPPPPPPPPPPPPPPPPPPPPPPPPPP,<+82-82-86-869-253>
<9464 east woods edge way>PPPPPPPPPPPPPPPPPPPPPPPPPPPPPPPPPPPPPP,<3781 west west west court>
<4632526021>PPPPPPPPPPPPPPPPPPPPPPPPPPPPPPPPPPPPPPPPPPPPPPPPPP,<463-2252-6021>
<martin+blando/>PPPPPPPPPPPPPPPPPPPPPPPPPPPPPPPPPPPPPPPPPPPPPPPP,<astana lenalion>
<beloshveyka.ru/105>PPPPPPPPPPPPPPPPPPPPPPPPPPPPPPPPPPPPPPPPPPP,<belot-shveika.ru/105>
<bid.auctionbymayo.com/71063>PPPPPPPPPPPPPPPPPPPPPPPPPPPPPPPPPPP,<esbitarbiardiardicaro-33>
<7384391127>PPPPPPPPPPPPPPPPPPPPPPPPPPPPPPPPPPPPPPPPPPPPPPPPPP,<738-439-1275>
<www.twitchquotes.com/>PPPPPPPPPPPPPPPPPPPPPPPPPPPPPPPPPPPPPPPPP,<www.twitchoriternes.com/>
<5016 east paquin street>PPPPPPPPPPPPPPPPPPPPPPPPPPPPPPPPPPPPPPP,<501 weast pprin street>
<2292979260>PPPPPPPPPPPPPPPPPPPPPPPPPPPPPPPPPPPPPPPPPPPPPPPPPP,<299-297-2526>
<9186054830>PPPPPPPPPPPPPPPPPPPPPPPPPPPPPPPPPPPPPPPPPPPPPPPPPP,<918-183-6005>
<brandee tran>PPPPPPPPPPPPPPPPPPPPPPPPPPPPPPPPPPPPPPPPPPPPPPPPPP,<brande gran>
<5061 williamsburg drive east>PPPPPPPPPPPPPPPPPPPPPPPPPPPPPPPPPP,<501 willims burr drive east>
<certuspro.com/bloqueosjalapa>PPPPPPPPPPPPPPPPPPPPPPPPPPPPPPPPP,<coursspo.pro.com/blos-iala>
<www.tudecora.com>PPPPPPPPPPPPPPPPPPPPPPPPPPPPPPPPPPPPPPPPPPPPPP,<www.vingrodeecara.com>
<+279053128>PPPPPPPPPPPPPPPPPPPPPPPPPPPPPPPPPPPPPPPPPPPPPPPPPP,<+227-900-128>
<rachael salas>PPPPPPPPPPPPPPPPPPPPPPPPPPPPPPPPPPPPPPPPPPPPPPPPP,<httor eantes>
<9525366907>PPPPPPPPPPPPPPPPPPPPPPPPPPPPPPPPPPPPPPPPPPPPPPPPPP,<952-536-6907>
<963 crested owl>PPPPPPPPPPPPPPPPPPPPPPPPPPPPPPPPPPPPPPPPPPPPPPP,<9633 grested mwall>
<2886 will teasley>PPPPPPPPPPPPPPPPPPPPPPPPPPPPPPPPPPPPPPPPPPPPP,<2886 will teas ler>
<josie savage>PPPPPPPPPPPPPPPPPPPPPPPPPPPPPPPPPPPPPPPPPPPPPPPPPP,</josnesenesasusuegers>
<4127407457>PPPPPPPPPPPPPPPPPPPPPPPPPPPPPPPPPPPPPPPPPPPPPPPPPP,<443-609-7744>
<www.tornadoshop.cz/cornelius>PPPPPPPPPPPPPPPPPPPPPPPPPPPPPPPPPP,<www.torandsh.cz/cornlivas>
<2796 west golden willow drive>PPPPPPPPPPPPPPPPPPPPPPPPPPPPPPPPP,<1795 west golewil dew drive>
<9734719887>PPPPPPPPPPPPPPPPPPPPPPPPPPPPPPPPPPPPPPPPPPPPPPPPPP,<716-814-019>
<4977236992>PPPPPPPPPPPPPPPPPPPPPPPPPPPPPPPPPPPPPPPPPPPPPPPPPP,<948-735-6528>
<reallyloud.co.uk/simaii>PPPPPPPPPPPPPPPPPPPPPPPPPPPPPPPPPPPPPPP,<reallydord.com.uk/simasimai>
<kkaicd1.pixnet.net>PPPPPPPPPPPPPPPPPPPPPPPPPPPPPPPPPPPPPPPPPPPP,<papaicdabol.pxpine-tet>
<8260 john r bowdoin>PPPPPPPPPPPPPPPPPPPPPPPPPPPPPPPPPPPPPPPPPPP,<826 oijohn rbow dein>
<56 paper birch drive>PPPPPPPPPPPPPPPPPPPPPPPPPPPPPPPPPPPPPPPPPP,<56 pren blrive>
<gandchudaihardcor.html>PPPPPPPPPPPPPPPPPPPPPPPPPPPPPPPPPPPPPP,<arama/hdigarbocorth road>
<2708 west 77th>PPPPPPPPPPPPPPPPPPPPPPPPPPPPPPPPPPPPPPPPPPPPPPPP,<37 west 771th>
<https://www.keainfo.gr>PPPPPPPPPPPPPPPPPPPPPPPPPPPPPPPPPPPPPPPP,<https://www.preainfo.jp>
<288 fuller lake>PPPPPPPPPPPPPPPPPPPPPPPPPPPPPPPPPPPPPPPPPPPPPPP,<2088 foll road>
<mser/okiguide>PPPPPPPPPPPPPPPPPPPPPPPPPPPPPPPPPPPPPPPPPPPPPPPP,<msser/poki-gride>
<220 north 47th avenue east>PPPPPPPPPPPPPPPPPPPPPPPPPPPPPPPPPPPP,<220 north aind ane soas>
<www.sudinfo.be>PPPPPPPPPPPPPPPPPPPPPPPPPPPPPPPPPPPPPPPPPPPPPPPP,<www.rkinf.com>
<69 grant point>PPPPPPPPPPPPPPPPPPPPPPPPPPPPPPPPPPPPPPPPPPPPPPPP,<691 carn oilla>
<fibrain.pl/chapter145/thanghr>PPPPPPPPPPPPPPPPPPPPPPPPPPPPPPPP,<fibraiz.pdchan.blang.bl/karu>
<+3515218895>PPPPPPPPPPPPPPPPPPPPPPPPPPPPPPPPPPPPPPPPPPPPPPPPP,<+35-3521-89>
<viapierogobetti/brandilove>PPPPPPPPPPPPPPPPPPPPPPPPPPPPPPPPP,<20 piro-geti/be-ge-ithe-bar>
<amir le>PPPPPPPPPPPPPPPPPPPPPPPPPPPPPPPPPPPPPPPPPPPPPPPPPPPPPPP,<ameir le>
<automantenimientosa>PPPPPPPPPPPPPPPPPPPPPPPPPPPPPPPPPPPPPPPPPP,<morde enimiento-10sa>
<6499 nfd 5053>PPPPPPPPPPPPPPPPPPPPPPPPPPPPPPPPPPPPPPPPPPPPPPPPP,<644-291-0505>
<7870 preston place>PPPPPPPPPPPPPPPPPPPPPPPPPPPPPPPPPPPPPPPPPPPP,<9518 peco ropl ropl road>
<6870 scabisuit lane>PPPPPPPPPPPPPPPPPPPPPPPPPPPPPPPPPPPPPPPPPPP,<6870 sabis sabitlan>
<sunshine mayer>PPPPPPPPPPPPPPPPPPPPPPPPPPPPPPPPPPPPPPPPPPPPPPPP,<suthine maler>
<4082494707>PPPPPPPPPPPPPPPPPPPPPPPPPPPPPPPPPPPPPPPPPPPPPPPPPP,<488-7230>
<arabradio.us/vana>PPPPPPPPPPPPPPPPPPPPPPPPPPPPPPPPPPPPPPPPPPPPP,<ararabrasdio.dio.eus/vana>
<televisoresponse>PPPPPPPPPPPPPPPPPPPPPPPPPPPPPPPPPPPPPPPPPPPPPP,<118 brookffs roort d>
<www.voices.com/bitesize>PPPPPPPPPPPPPPPPPPPPPPPPPPPPPPPPPPPPPPP,<www.vopele.com.com.com.i>
<qd.razavi.ac.ir/bunya>PPPPPPPPPPPPPPPPPPPPPPPPPPPPPPPPPPPPPPPPP,<goldark-gach-achura-ra>
<+246987508002294>PPPPPPPPPPPPPPPPPPPPPPPPPPPPPPPPPPPPPPPPP,<+246-987-50-800-294>
<+2666480514>PPPPPPPPPPPPPPPPPPPPPPPPPPPPPPPPPPPPPPPPPPPPPPPP,<+222-644-80-80-514>
<2257645994>PPPPPPPPPPPPPPPPPPPPPPPPPPPPPPPPPPPPPPPPPPPPPPPPPP,<+25-76-45-994>
<35816 webwood>PPPPPPPPPPPPPPPPPPPPPPPPPPPPPPPPPPPPPPPPPPPPPPPPP,<3816 c brood>
<liana deleon>PPPPPPPPPPPPPPPPPPPPPPPPPPPPPPPPPPPPPPPPPPPPPPPPPP,<aliana blad road s>
</p21sistemas/sharps_carbines>PPPPPPPPPPPPPPPPPPPPPPPPPPPPPPPPP,<1 gosteiston/sharbikes>
<www.boehringeringelheim.com>PPPPPPPPPPPPPPPPPPPPPPPPPPPPPPPPPP,<www.boegringringu.ingo.com>
<2901092582>PPPPPPPPPPPPPPPPPPPPPPPPPPPPPPPPPPPPPPPPPPPPPPPPPP,<290-packef.com/58222>
<102 flagstad>PPPPPPPPPPPPPPPPPPPPPPPPPPPPPPPPPPPPPPPPPPPPPPPPPP,<10289 ggestra lar>
</verkstader/20180101>PPPPPPPPPPPPPPPPPPPPPPPPPPPPPPPPPPPPPPPP,</verksa.der/208-010-01>
<myanmarsocialonlinemedia.com>PPPPPPPPPPPPPPPPPPPPPPPPPPPPPPPPPP,<mananarsocillogemiallo.com>
<bunkerbranch.tumblr.com>PPPPPPPPPPPPPPPPPPPPPPPPPPPPPPPPPPPPPPP,<branderbanch.tatumblu.com>
<+8286698863353>PPPPPPPPPPPPPPPPPPPPPPPPPPPPPPPPPPPPPPPPPPPP,<+82-86-86-863-353>
<9464 east woods edge way>PPPPPPPPPPPPPPPPPPPPPPPPPPPPPPPPPPPPPP,<36 south woodass chole>
<4632526021>PPPPPPPPPPPPPPPPPPPPPPPPPPPPPPPPPPPPPPPPPPPPPPPPPP,<463-252-6021>
<martin+blando/>PPPPPPPPPPPPPPPPPPPPPPPPPPPPPPPPPPPPPPPPPPPPPPPP,<astaprich.com/>
<beloshveyka.ru/105>PPPPPPPPPPPPPPPPPPPPPPPPPPPPPPPPPPPPPPPPPPP,<belo-shveika.ru/105>
<bid.auctionbymayo.com/71063>PPPPPPPPPPPPPPPPPPPPPPPPPPPPPPPPPPP,<esbizari.com/bamad-38013>
<7384391127>PPPPPPPPPPPPPPPPPPPPPPPPPPPPPPPPPPPPPPPPPPPPPPPPPP,<738-439-1272>
<www.twitchquotes.com/>PPPPPPPPPPPPPPPPPPPPPPPPPPPPPPPPPPPPPPPPP,<www.twitchoritchones.com/>
<5016 east paquin street>PPPPPPPPPPPPPPPPPPPPPPPPPPPPPPPPPPPPPPP,<501 weast pprin street>
<2292979260>PPPPPPPPPPPPPPPPPPPPPPPPPPPPPPPPPPPPPPPPPPPPPPPPPP,<299-297-1526>
<9186054830>PPPPPPPPPPPPPPPPPPPPPPPPPPPPPPPPPPPPPPPPPPPPPPPPPP,<918-185-6008>
<brandee tran>PPPPPPPPPPPPPPPPPPPPPPPPPPPPPPPPPPPPPPPPPPPPPPPPPP,<brande gran>
<5061 williamsburg drive east>PPPPPPPPPPPPPPPPPPPPPPPPPPPPPPPPPP,<501 williams burprive drivecas>
<certuspro.com/bloqueosjalapa>PPPPPPPPPPPPPPPPPPPPPPPPPPPPPPPPP,<courss-pore.com/blos-iala>
<www.tudecora.com>PPPPPPPPPPPPPPPPPPPPPPPPPPPPPPPPPPPPPPPPPPPPPP,<www.roleecardeecara.com>
<+279053128>PPPPPPPPPPPPPPPPPPPPPPPPPPPPPPPPPPPPPPPPPPPPPPPPPP,<+227-900-128>
<rachael salas>PPPPPPPPPPPPPPPPPPPPPPPPPPPPPPPPPPPPPPPPPPPPPPPPP,<htter challas>
<9525366907>PPPPPPPPPPPPPPPPPPPPPPPPPPPPPPPPPPPPPPPPPPPPPPPPPP,<952-536-6907>
<963 crested owl>PPPPPPPPPPPPPPPPPPPPPPPPPPPPPPPPPPPPPPPPPPPPPPP,<963 grest dowll>
<2886 will teasley>PPPPPPPPPPPPPPPPPPPPPPPPPPPPPPPPPPPPPPPPPPPPP,<2886 will tea lack>
<josie savage>PPPPPPPPPPPPPPPPPPPPPPPPPPPPPPPPPPPPPPPPPPPPPPPPPP,</josnesnecastus-raga>
<4127407457>PPPPPPPPPPPPPPPPPPPPPPPPPPPPPPPPPPPPPPPPPPPPPPPPPP,<451-609-7744>
<www.tornadoshop.cz/cornelius>PPPPPPPPPPPPPPPPPPPPPPPPPPPPPPPPPP,<www.torandsh.cz/cornliks>
<2796 west golden willow drive>PPPPPPPPPPPPPPPPPPPPPPPPPPPPPPPPP,<1795 west gole will w drive>
<9734719887>PPPPPPPPPPPPPPPPPPPPPPPPPPPPPPPPPPPPPPPPPPPPPPPPPP,<718-514-9713-9>
<4977236992>PPPPPPPPPPPPPPPPPPPPPPPPPPPPPPPPPPPPPPPPPPPPPPPPPP,<948-735-6926>
<reallyloud.co.uk/simaii>PPPPPPPPPPPPPPPPPPPPPPPPPPPPPPPPPPPPPPP,<reallydou.com.uk/simasii>
<kkaicd1.pixnet.net>PPPPPPPPPPPPPPPPPPPPPPPPPPPPPPPPPPPPPPPPPPPP,<www.paicol.ppine-tes>
<8260 john r bowdoin>PPPPPPPPPPPPPPPPPPPPPPPPPPPPPPPPPPPPPPPPPPP,<826 ojohn rro din>
<56 paper birch drive>PPPPPPPPPPPPPPPPPPPPPPPPPPPPPPPPPPPPPPPPPP,<56 mapenbline>
<gandchudaihardcor.html>PPPPPPPPPPPPPPPPPPPPPPPPPPPPPPPPPPPPPP,<ramahdigarighar.com/cartola>
<2708 west 77th>PPPPPPPPPPPPPPPPPPPPPPPPPPPPPPPPPPPPPPPPPPPPPPPP,<37 west 7th>
<https://www.keainfo.gr>PPPPPPPPPPPPPPPPPPPPPPPPPPPPPPPPPPPPPPPP,<https://www.akeainfo.jp>
<288 fuller lake>PPPPPPPPPPPPPPPPPPPPPPPPPPPPPPPPPPPPPPPPPPPPPPP,<2088 foll con>
<mser/okiguide>PPPPPPPPPPPPPPPPPPPPPPPPPPPPPPPPPPPPPPPPPPPPPPPP,<msser/oki-gride>
<220 north 47th avenue east>PPPPPPPPPPPPPPPPPPPPPPPPPPPPPPPPPPPP,<220 north and anes>
<www.sudinfo.be>PPPPPPPPPPPPPPPPPPPPPPPPPPPPPPPPPPPPPPPPPPPPPPPP,<www.rkinf.com>
<69 grant point>PPPPPPPPPPPPPPPPPPPPPPPPPPPPPPPPPPPPPPPPPPPPPPPP,<691 cre oing>
<fibrain.pl/chapter145/thanghr>PPPPPPPPPPPPPPPPPPPPPPPPPPPPPPPP,<fivai.pdchan.blanor.bl/karu>
<+3515218895>PPPPPPPPPPPPPPPPPPPPPPPPPPPPPPPPPPPPPPPPPPPPPPPPP,<+35-52-352-89>
<viapierogobetti/brandilove>PPPPPPPPPPPPPPPPPPPPPPPPPPPPPPPPP,<20 cirage beleti/berandiar>
<amir le>PPPPPPPPPPPPPPPPPPPPPPPPPPPPPPPPPPPPPPPPPPPPPPPPPPPPPPP,<ameir le>
<automantenimientosa>PPPPPPPPPPPPPPPPPPPPPPPPPPPPPPPPPPPPPPPPPP,<marenimient.osa>
<6499 nfd 5053>PPPPPPPPPPPPPPPPPPPPPPPPPPPPPPPPPPPPPPPPPPPPPPPPP,<649-291-0505>
<7870 preston place>PPPPPPPPPPPPPPPPPPPPPPPPPPPPPPPPPPPPPPPPPPPP,<931 per pie cople>
<6870 scabisuit lane>PPPPPPPPPPPPPPPPPPPPPPPPPPPPPPPPPPPPPPPPPPP,<6870 sabis sabitlan>
<sunshine mayer>PPPPPPPPPPPPPPPPPPPPPPPPPPPPPPPPPPPPPPPPPPPPPPPP,<sunashine maler>
<4082494707>PPPPPPPPPPPPPPPPPPPPPPPPPPPPPPPPPPPPPPPPPPPPPPPPPP,<458-2330>
<arabradio.us/vana>PPPPPPPPPPPPPPPPPPPPPPPPPPPPPPPPPPPPPPPPPPPPP,<arabrasdioers/vana>
<televisoresponse>PPPPPPPPPPPPPPPPPPPPPPPPPPPPPPPPPPPPPPPPPPPPPP,<118 bree rofal ridada>
<www.voices.com/bitesize>PPPPPPPPPPPPPPPPPPPPPPPPPPPPPPPPPPPPPPP,<www.vaole.com/bapckica/>
<qd.razavi.ac.ir/bunya>PPPPPPPPPPPPPPPPPPPPPPPPPPPPPPPPPPPPPPPPP,<golararve-gra-acirera-ra>
<+246987508002294>PPPPPPPPPPPPPPPPPPPPPPPPPPPPPPPPPPPPPPPPP,<+246-987-50-800-80-294>
<+2666480514>PPPPPPPPPPPPPPPPPPPPPPPPPPPPPPPPPPPPPPPPPPPPPPPP,<+222-644-80-80-514>
<2257645994>PPPPPPPPPPPPPPPPPPPPPPPPPPPPPPPPPPPPPPPPPPPPPPPPPP,<257-645-5994>
<35816 webwood>PPPPPPPPPPPPPPPPPPPPPPPPPPPPPPPPPPPPPPPPPPPPPPPPP,<3810 c brood>
<liana deleon>PPPPPPPPPPPPPPPPPPPPPPPPPPPPPPPPPPPPPPPPPPPPPPPPPP,<aliana blad san>
</p21sistemas/sharps_carbines>PPPPPPPPPPPPPPPPPPPPPPPPPPPPPPPPP,<1 glasistemarbines>
<www.boehringeringelheim.com>PPPPPPPPPPPPPPPPPPPPPPPPPPPPPPPPPP,<www.boegringertingelhim.com>
<2901092582>PPPPPPPPPPPPPPPPPPPPPPPPPPPPPPPPPPPPPPPPPPPPPPPPPP,<290-109-1010-582>
<102 flagstad>PPPPPPPPPPPPPPPPPPPPPPPPPPPPPPPPPPPPPPPPPPPPPPPPPP,<1029 ggestra l>
</verkstader/20180101>PPPPPPPPPPPPPPPPPPPPPPPPPPPPPPPPPPPPPPPP,</ver-sader/208-010-01>
<myanmarsocialonlinemedia.com>PPPPPPPPPPPPPPPPPPPPPPPPPPPPPPPPPP,<manmarsocillogloglopia.com>
<bunkerbranch.tumblr.com>PPPPPPPPPPPPPPPPPPPPPPPPPPPPPPPPPPPPPPP,<brandebranch.aumblan.com>
<+8286698863353>PPPPPPPPPPPPPPPPPPPPPPPPPPPPPPPPPPPPPPPPPPPP,<+82-82-69-869-353>
<9464 east woods edge way>PPPPPPPPPPPPPPPPPPPPPPPPPPPPPPPPPPPPPP,<36 south woodas cr>
<4632526021>PPPPPPPPPPPPPPPPPPPPPPPPPPPPPPPPPPPPPPPPPPPPPPPPPP,<463-252-6021>
<martin+blando/>PPPPPPPPPPPPPPPPPPPPPPPPPPPPPPPPPPPPPPPPPPPPPPPP,<amaran lendo>
<beloshveyka.ru/105>PPPPPPPPPPPPPPPPPPPPPPPPPPPPPPPPPPPPPPPPPPP,<belo-shveyka.ru/105>
<bid.auctionbymayo.com/71063>PPPPPPPPPPPPPPPPPPPPPPPPPPPPPPPPPPP,<esbitari.com/ace-3318-3>
<7384391127>PPPPPPPPPPPPPPPPPPPPPPPPPPPPPPPPPPPPPPPPPPPPPPPPPP,<738-439-2502>
<www.twitchquotes.com/>PPPPPPPPPPPPPPPPPPPPPPPPPPPPPPPPPPPPPPPPP,<www.twitchoriontes.com/>
<5016 east paquin street>PPPPPPPPPPPPPPPPPPPPPPPPPPPPPPPPPPPPPPP,<501 east pprin street>
<2292979260>PPPPPPPPPPPPPPPPPPPPPPPPPPPPPPPPPPPPPPPPPPPPPPPPPP,<299-297-1526>
<9186054830>PPPPPPPPPPPPPPPPPPPPPPPPPPPPPPPPPPPPPPPPPPPPPPPPPP,<918-605-0005-005-0648>
<brandee tran>PPPPPPPPPPPPPPPPPPPPPPPPPPPPPPPPPPPPPPPPPPPPPPPPPP,<brande gran>
<5061 williamsburg drive east>PPPPPPPPPPPPPPPPPPPPPPPPPPPPPPPPPP,<501 williams bur drive east>
<certuspro.com/bloqueosjalapa>PPPPPPPPPPPPPPPPPPPPPPPPPPPPPPPPP,<corusspo.pom/blogreos.ia>
<www.tudecora.com>PPPPPPPPPPPPPPPPPPPPPPPPPPPPPPPPPPPPPPPPPPPPPP,<www.roleecardeecara.com>
<+279053128>PPPPPPPPPPPPPPPPPPPPPPPPPPPPPPPPPPPPPPPPPPPPPPPPPP,<+227-900-128>
<rachael salas>PPPPPPPPPPPPPPPPPPPPPPPPPPPPPPPPPPPPPPPPPPPPPPPPP,<htter ellas>
<9525366907>PPPPPPPPPPPPPPPPPPPPPPPPPPPPPPPPPPPPPPPPPPPPPPPPPP,<952-536-6907>
<963 crested owl>PPPPPPPPPPPPPPPPPPPPPPPPPPPPPPPPPPPPPPPPPPPPPPP,<963 crest dowall>
<2886 will teasley>PPPPPPPPPPPPPPPPPPPPPPPPPPPPPPPPPPPPPPPPPPPPP,<2886 will tea lfar>
<josie savage>PPPPPPPPPPPPPPPPPPPPPPPPPPPPPPPPPPPPPPPPPPPPPPPPPP,</hosnecesnecalusg.brag.gs>
<4127407457>PPPPPPPPPPPPPPPPPPPPPPPPPPPPPPPPPPPPPPPPPPPPPPPPPP,<451-309-7744>
<www.tornadoshop.cz/cornelius>PPPPPPPPPPPPPPPPPPPPPPPPPPPPPPPPPP,<www.tonadsh.cz/cornliks>
<2796 west golden willow drive>PPPPPPPPPPPPPPPPPPPPPPPPPPPPPPPPP,<1795 west gole willow drive>
<9734719887>PPPPPPPPPPPPPPPPPPPPPPPPPPPPPPPPPPPPPPPPPPPPPPPPPP,<718-071-9719>
<4977236992>PPPPPPPPPPPPPPPPPPPPPPPPPPPPPPPPPPPPPPPPPPPPPPPPPP,<948-735-7392>
<reallyloud.co.uk/simaii>PPPPPPPPPPPPPPPPPPPPPPPPPPPPPPPPPPPPPPP,<reallyloud.com.uk/simasimai>
<kkaicd1.pixnet.net>PPPPPPPPPPPPPPPPPPPPPPPPPPPPPPPPPPPPPPPPPPPP,<kabokaybol.gnet.net>
<8260 john r bowdoin>PPPPPPPPPPPPPPPPPPPPPPPPPPPPPPPPPPPPPPPPPPP,<826 ojohn nrboow din>
<56 paper birch drive>PPPPPPPPPPPPPPPPPPPPPPPPPPPPPPPPPPPPPPPPPP,<56 treasbliver live>
<gandchudaihardcor.html>PPPPPPPPPPPPPPPPPPPPPPPPPPPPPPPPPPPPPP,<amesheligaricor.com/thilark>
<2708 west 77th>PPPPPPPPPPPPPPPPPPPPPPPPPPPPPPPPPPPPPPPPPPPPPPPP,<37 west 72th>
<https://www.keainfo.gr>PPPPPPPPPPPPPPPPPPPPPPPPPPPPPPPPPPPPPPPP,<https://www.akeainfo.ht/>
<288 fuller lake>PPPPPPPPPPPPPPPPPPPPPPPPPPPPPPPPPPPPPPPPPPPPPPP,<2088 foll road>
<mser/okiguide>PPPPPPPPPPPPPPPPPPPPPPPPPPPPPPPPPPPPPPPPPPPPPPPP,<msser/oki-gride>
<220 north 47th avenue east>PPPPPPPPPPPPPPPPPPPPPPPPPPPPPPPPPPPP,<220 north ande ances>
<www.sudinfo.be>PPPPPPPPPPPPPPPPPPPPPPPPPPPPPPPPPPPPPPPPPPPPPPPP,<www.rkinf.com>
<69 grant point>PPPPPPPPPPPPPPPPPPPPPPPPPPPPPPPPPPPPPPPPPPPPPPPP,<691 cre oiker dr dr d le>
<fibrain.pl/chapter145/thanghr>PPPPPPPPPPPPPPPPPPPPPPPPPPPPPPPP,<fivai-pdchansert-41051.har>
<+3515218895>PPPPPPPPPPPPPPPPPPPPPPPPPPPPPPPPPPPPPPPPPPPPPPPPP,<+35-52-3521-89>
<viapierogobetti/brandilove>PPPPPPPPPPPPPPPPPPPPPPPPPPPPPPPPP,<2 stira beleti/berandiare>
<amir le>PPPPPPPPPPPPPPPPPPPPPPPPPPPPPPPPPPPPPPPPPPPPPPPPPPPPPPP,<amire roe>
<automantenimientosa>PPPPPPPPPPPPPPPPPPPPPPPPPPPPPPPPPPPPPPPPPP,<mordenimient.osa>
<6499 nfd 5053>PPPPPPPPPPPPPPPPPPPPPPPPPPPPPPPPPPPPPPPPPPPPPPPPP,<6449 nf nf 1053>
<7870 preston place>PPPPPPPPPPPPPPPPPPPPPPPPPPPPPPPPPPPPPPPPPPPP,<9320 pert pert 1817>
<6870 scabisuit lane>PPPPPPPPPPPPPPPPPPPPPPPPPPPPPPPPPPPPPPPPPPP,<6870 sabis sabit lane>
<sunshine mayer>PPPPPPPPPPPPPPPPPPPPPPPPPPPPPPPPPPPPPPPPPPPPPPPP,<sunshine maler>
<4082494707>PPPPPPPPPPPPPPPPPPPPPPPPPPPPPPPPPPPPPPPPPPPPPPPPPP,<458-2330>
<arabradio.us/vana>PPPPPPPPPPPPPPPPPPPPPPPPPPPPPPPPPPPPPPPPPPPPP,<arasdimerasdio.eus/vanana>
<televisoresponse>PPPPPPPPPPPPPPPPPPPPPPPPPPPPPPPPPPPPPPPPPPPPPP,<1185 woodff reel rdada>
<www.voices.com/bitesize>PPPPPPPPPPPPPPPPPPPPPPPPPPPPPPPPPPPPPPP,<www.voole.com/cappition>
<qd.razavi.ac.ir/bunya>PPPPPPPPPPPPPPPPPPPPPPPPPPPPPPPPPPPPPPPPP,<go.artar-goar-t-acirra>
<+246987508002294>PPPPPPPPPPPPPPPPPPPPPPPPPPPPPPPPPPPPPPPPP,<+246-987-50-800-80-2294>
<+2666480514>PPPPPPPPPPPPPPPPPPPPPPPPPPPPPPPPPPPPPPPPPPPPPPPP,<+226-64-80-80-514>
<2257645994>PPPPPPPPPPPPPPPPPPPPPPPPPPPPPPPPPPPPPPPPPPPPPPPPPP,<257-645-5994>
<35816 webwood>PPPPPPPPPPPPPPPPPPPPPPPPPPPPPPPPPPPPPPPPPPPPPPPPP,<3816 c bobood>
<liana deleon>PPPPPPPPPPPPPPPPPPPPPPPPPPPPPPPPPPPPPPPPPPPPPPPPPP,<allianad madres>
</p21sistemas/sharps_carbines>PPPPPPPPPPPPPPPPPPPPPPPPPPPPPPPPP,</glosiston/sharbimes>
<www.boehringeringelheim.com>PPPPPPPPPPPPPPPPPPPPPPPPPPPPPPPPPP,<www.boegepringertingelhim.com>
<2901092582>PPPPPPPPPPPPPPPPPPPPPPPPPPPPPPPPPPPPPPPPPPPPPPPPPP,<290-101-109-5822>
<102 flagstad>PPPPPPPPPPPPPPPPPPPPPPPPPPPPPPPPPPPPPPPPPPPPPPPPPP,<1029 glostra lar>
</verkstader/20180101>PPPPPPPPPPPPPPPPPPPPPPPPPPPPPPPPPPPPPPPP,</verstader/208-010-01>
<myanmarsocialonlinemedia.com>PPPPPPPPPPPPPPPPPPPPPPPPPPPPPPPPPP,<mansoransocilloglogem>
<bunkerbranch.tumblr.com>PPPPPPPPPPPPPPPPPPPPPPPPPPPPPPPPPPPPPPP,<bendebranch.atumblr.com>
<+8286698863353>PPPPPPPPPPPPPPPPPPPPPPPPPPPPPPPPPPPPPPPPPPPP,<+82-82-69-863-353-353>
<9464 east woods edge way>PPPPPPPPPPPPPPPPPPPPPPPPPPPPPPPPPPPPPP,</ttharelliss.com/>
<4632526021>PPPPPPPPPPPPPPPPPPPPPPPPPPPPPPPPPPPPPPPPPPPPPPPPPP,<463-252-6021>
<martin+blando/>PPPPPPPPPPPPPPPPPPPPPPPPPPPPPPPPPPPPPPPPPPPPPPPP,<amarela.com/leliono>
<beloshveyka.ru/105>PPPPPPPPPPPPPPPPPPPPPPPPPPPPPPPPPPPPPPPPPPP,<belo-shveyka.ru/105>
<bid.auctionbymayo.com/71063>PPPPPPPPPPPPPPPPPPPPPPPPPPPPPPPPPPP,<esbitari.com/amobad-33>
<7384391127>PPPPPPPPPPPPPPPPPPPPPPPPPPPPPPPPPPPPPPPPPPPPPPPPPP,<738-439-2702>
<www.twitchquotes.com/>PPPPPPPPPPPPPPPPPPPPPPPPPPPPPPPPPPPPPPPPP,<www.twitchortes.com/>
<5016 east paquin street>PPPPPPPPPPPPPPPPPPPPPPPPPPPPPPPPPPPPPPP,<5016 east prin street>
<2292979260>PPPPPPPPPPPPPPPPPPPPPPPPPPPPPPPPPPPPPPPPPPPPPPPPPP,<299-297-7526>
<9186054830>PPPPPPPPPPPPPPPPPPPPPPPPPPPPPPPPPPPPPPPPPPPPPPPPPP,<918-605-0005-6830>
<brandee tran>PPPPPPPPPPPPPPPPPPPPPPPPPPPPPPPPPPPPPPPPPPPPPPPPPP,<brande grande>
<5061 williamsburg drive east>PPPPPPPPPPPPPPPPPPPPPPPPPPPPPPPPPP,<5021 williamsbar drive east>
<certuspro.com/bloqueosjalapa>PPPPPPPPPPPPPPPPPPPPPPPPPPPPPPPPP,<cortusspo.com/blogreos.ia>
<www.tudecora.com>PPPPPPPPPPPPPPPPPPPPPPPPPPPPPPPPPPPPPPPPPPPPPP,<www.bartodeectora.com>
<+279053128>PPPPPPPPPPPPPPPPPPPPPPPPPPPPPPPPPPPPPPPPPPPPPPPPPP,<+227-900-53-128>
<rachael salas>PPPPPPPPPPPPPPPPPPPPPPPPPPPPPPPPPPPPPPPPPPPPPPPPP,<nhorton elas>
<9525366907>PPPPPPPPPPPPPPPPPPPPPPPPPPPPPPPPPPPPPPPPPPPPPPPPPP,<952-536-6907>
<963 crested owl>PPPPPPPPPPPPPPPPPPPPPPPPPPPPPPPPPPPPPPPPPPPPPPP,<963 crest dom wall>
<2886 will teasley>PPPPPPPPPPPPPPPPPPPPPPPPPPPPPPPPPPPPPPPPPPPPP,<2886 mill tea lack>
<josie savage>PPPPPPPPPPPPPPPPPPPPPPPPPPPPPPPPPPPPPPPPPPPPPPPPPP,</hosnesnecala-tusgerageng.com>
<4127407457>PPPPPPPPPPPPPPPPPPPPPPPPPPPPPPPPPPPPPPPPPPPPPPPPPP,<451-609-7744>
<www.tornadoshop.cz/cornelius>PPPPPPPPPPPPPPPPPPPPPPPPPPPPPPPPPP,<www.tonadsh.cz/cornliks>
